date,item,forecast,p10,p50,p90,origin,horizon_day,quantile_crossed
2025-07-20,americano,54.259332412705426,32.50242265558207,47.7505374671299,74.86721736120215,2025-07-20,1,False
2025-07-20,cappuccino,78.90239312275314,51.298420468827835,71.75576714479979,96.64627492672628,2025-07-20,1,False
2025-07-20,cold_coffee,59.97283481911823,41.548704991099044,55.17206010642464,82.55545944421634,2025-07-20,1,False
2025-07-20,croissant,39.519240139759596,27.34208800287134,38.821689340267405,51.46615378052586,2025-07-20,1,False
2025-07-20,espresso,76.57735602408516,49.2838326143049,68.12366335551476,98.95228580542025,2025-07-20,1,False
2025-07-20,hot_chocolate,38.78044556997989,27.22252918641463,37.54755066448776,50.89841595882718,2025-07-20,1,False
2025-07-20,iced_latte,43.450547765248515,31.323192865308833,40.49290603893286,58.31670134588784,2025-07-20,1,False
2025-07-20,latte,81.91638295697082,55.401084349399866,81.87717429610463,97.94074257199739,2025-07-20,1,False
2025-07-20,masala_chai,78.48865968473801,52.74405207244859,73.63487981831598,103.16845330504934,2025-07-20,1,False
2025-07-20,sandwich,44.300153944165054,27.991991583045035,41.1018316558788,61.01297937739066,2025-07-20,1,False
2025-07-21,americano,44.076155669490596,29.1611262243709,42.70656465888529,56.751908179193194,2025-07-20,2,False
2025-07-21,cappuccino,61.68971295628651,44.5706694820529,59.965963823285875,80.06646690823993,2025-07-20,2,False
2025-07-21,cold_coffee,42.880954190678935,33.624924733580244,44.79258529171106,66.5179989562831,2025-07-20,2,False
2025-07-21,croissant,32.268080433180586,22.401278112662222,31.743266087824026,42.13205468246369,2025-07-20,2,False
2025-07-21,espresso,58.21485243682494,44.63040189306059,61.02840075448043,76.83102054745125,2025-07-20,2,False
2025-07-21,hot_chocolate,33.56470229253892,23.296856858019385,32.95069366843651,44.054593143460785,2025-07-20,2,False
2025-07-21,iced_latte,34.3950104021327,23.47419865280302,32.01635768675103,49.58020998372539,2025-07-20,2,False
2025-07-21,latte,66.82395610207054,47.563941727239964,63.31657066423487,85.62134708486084,2025-07-20,2,False
2025-07-21,masala_chai,57.82109161552701,45.34136305675085,59.55991349803821,77.95277436795574,2025-07-20,2,False
2025-07-21,sandwich,38.356843403756,25.827622788495432,36.51523819964149,51.157137105969426,2025-07-20,2,False
2025-07-22,americano,47.58943115212156,29.338963615506163,43.69178383123223,61.66730389150164,2025-07-20,3,False
2025-07-22,cappuccino,64.87302731333922,45.78663426214612,61.126138533385344,81.24951636956669,2025-07-20,3,False
2025-07-22,cold_coffee,46.810926537892946,36.862957303814,45.65917423661452,67.99662126955798,2025-07-20,3,False
2025-07-22,croissant,33.92854271203007,23.113160292585015,32.79982439976293,44.699226787610016,2025-07-20,3,False
2025-07-22,espresso,60.63456708719624,44.51128671898913,61.58698786153727,78.64782149158792,2025-07-20,3,False
2025-07-22,hot_chocolate,33.83610857623361,22.373764769725685,33.33371606734194,44.68157093763235,2025-07-20,3,False
2025-07-22,iced_latte,36.22786327045535,24.82492534119653,33.1150222555545,51.351616889317825,2025-07-20,3,False
2025-07-22,latte,69.3684897756831,46.881557136693985,63.598351074006324,88.11573173100427,2025-07-20,3,False
2025-07-22,masala_chai,61.350897469394795,44.767242688154546,61.29295844447667,80.14778416669776,2025-07-20,3,False
2025-07-22,sandwich,40.11483133360768,27.07197217789587,37.17743927488052,51.98897461883306,2025-07-20,3,False
2025-07-23,americano,48.07551696275461,30.340620054070396,45.22506746341492,61.36113872550589,2025-07-20,4,False
2025-07-23,cappuccino,69.51499931013913,46.401486356616175,66.52167454354151,86.16528834453776,2025-07-20,4,False
2025-07-23,cold_coffee,68.4770569295755,42.86195228293155,61.529635848245654,92.24729577273618,2025-07-20,4,False
2025-07-23,croissant,33.96167384288994,22.397575763002067,33.820143404117566,43.14306487904256,2025-07-20,4,False
2025-07-23,espresso,62.52492462708275,44.82741300037806,63.54292165721776,80.82816622740387,2025-07-20,4,False
2025-07-23,hot_chocolate,35.13905003021355,23.252739113620926,35.09214796193961,44.78698100867565,2025-07-20,4,False
2025-07-23,iced_latte,37.09507740685005,25.187027191850287,33.78146041645602,51.2951068027216,2025-07-20,4,False
2025-07-23,latte,73.85096731297763,48.440893621439905,67.49663161978603,92.39758944589899,2025-07-20,4,False
2025-07-23,masala_chai,63.4193805233547,46.12881593036551,62.95050931220538,80.62075281599134,2025-07-20,4,False
2025-07-23,sandwich,40.15829717541138,26.027884422946006,38.34138444238483,52.012728146698294,2025-07-20,4,False
2025-07-24,americano,47.03753568953106,30.143330725412923,45.15826070893935,61.51622396421383,2025-07-20,5,False
2025-07-24,cappuccino,63.57323161132853,46.85180530667392,62.4951906012876,77.43192488078128,2025-07-20,5,False
2025-07-24,cold_coffee,48.71176975826295,39.03230292997155,47.87420739103633,68.75466582662897,2025-07-20,5,False
2025-07-24,croissant,35.04525679849293,23.30990687927423,34.06562519371426,44.25284286335245,2025-07-20,5,False
2025-07-24,espresso,62.740873051865016,46.12313532164135,63.58478713880799,78.369973945651,2025-07-20,5,False
2025-07-24,hot_chocolate,33.89744851457638,23.358695519925767,34.33416354525925,43.04234625877343,2025-07-20,5,False
2025-07-24,iced_latte,38.872964014830515,26.855719018860526,36.24362312273268,52.09016307695722,2025-07-20,5,False
2025-07-24,latte,72.46057598156176,50.686385674158146,71.68749946138142,88.38075570879847,2025-07-20,5,False
2025-07-24,masala_chai,65.00888241771474,47.65352567684636,63.74821260335867,80.56806777469745,2025-07-20,5,False
2025-07-24,sandwich,41.33105930029596,26.386521980320452,40.052070641344336,52.259458894158215,2025-07-20,5,False
2025-07-25,americano,48.88731707050624,31.118230752909618,46.08758446141693,69.47686948015246,2025-07-20,6,False
2025-07-25,cappuccino,68.96018914742747,48.959554055450894,66.42747680690579,85.12172171232079,2025-07-20,6,False
2025-07-25,cold_coffee,52.81898210055434,39.05368494502679,50.617793948533624,72.62217754789272,2025-07-20,6,False
2025-07-25,croissant,36.3269270121775,24.723931170113172,34.95372455962278,45.88040099802541,2025-07-20,6,False
2025-07-25,espresso,64.8628018018911,46.75097874574531,67.11273222100289,83.98864968991876,2025-07-20,6,False
2025-07-25,hot_chocolate,36.28347190074528,24.608090255141438,35.632956943028454,46.62581568414445,2025-07-20,6,False
2025-07-25,iced_latte,51.957567074726754,31.794312462360637,46.71010669605443,63.91560297362367,2025-07-20,6,False
2025-07-25,latte,78.71833220619727,50.747199467749546,71.63717505384803,94.26288359460293,2025-07-20,6,False
2025-07-25,masala_chai,69.48608617974037,49.962244832283666,67.16254197429649,88.55890485628255,2025-07-20,6,False
2025-07-25,sandwich,41.72714284624857,27.096728249756026,39.48437085852964,57.27567296195708,2025-07-20,6,False
2025-07-26,americano,51.7052171965589,33.75298551837037,46.54866344605826,75.12673906493359,2025-07-20,7,False
2025-07-26,cappuccino,75.16355967928554,50.78244103771663,68.05209206169255,97.8500344997802,2025-07-20,7,False
2025-07-26,cold_coffee,58.073289187501004,42.063209850038625,56.749588057570676,80.40951017450145,2025-07-20,7,False
2025-07-26,croissant,47.82280707696518,35.28000824198137,45.20049127423819,61.37347562148362,2025-07-20,7,False
2025-07-26,espresso,69.11925648527308,46.899206056436746,64.90193378996912,95.47845279723211,2025-07-20,7,False
2025-07-26,hot_chocolate,48.277662731414516,31.36202826501173,42.2943012781467,60.48989641714579,2025-07-20,7,False
2025-07-26,iced_latte,45.044490939888696,32.08727900236868,42.40941555607353,62.181167835724985,2025-07-20,7,False
2025-07-26,latte,72.75008134284275,51.74350563616883,75.64807075181275,98.7940418444193,2025-07-20,7,False
2025-07-26,masala_chai,75.28666569665587,51.6608809208436,70.13485760035688,101.53982048764145,2025-07-20,7,False
2025-07-26,sandwich,44.172715723761,28.24068597243161,39.799957706749126,62.17044325497916,2025-07-20,7,False
