material,unit,on_hand,on_order,mean_daily_need,sigma_daily,sigma_source,safety_stock,reorder_point,inventory_position,coverage_days,planning_arrival_date,projected_on_hand_at_arrival,pending_in_coverage,target_coverage_demand,shelf_capacity_demand,shelf_capacity_method,max_order_quantity,desired_order_quantity,order_now,order_qty,order_by_date,expected_arrival,pre_arrival_shortfall,unmet_order_quantity,estimated_order_cost,reason
coffee_beans,g,19543.758546942005,0.0,6514.586182314001,1814.3953564572275,P90-P50 normal-spread proxy,5169.158034656383,24712.916581598387,19543.758546942005,7,2025-07-23,472.3318062737062,0.0,45911.32746992023,579798.1702259461,mean-rate shelf-life proxy,579325.8384196725,50608.15369830291,True,51000.0,2025-07-20,2025-07-23,0.0,0.0,61200.0,inventory position at/below reorder point or projected shortage
milk,ml,183165.22918933758,0.0,61055.07639644585,16630.681088286798,P90-P50 normal-spread proxy,27355.036106741794,88410.11250318764,183165.22918933758,3,2025-07-21,115529.62081833044,0.0,171424.33209262608,171424.33209262608,receipt-window forecast,55894.71127429564,83249.74738103742,True,55000.0,2025-07-20,2025-07-21,0.0,28249.74738103742,3300.0,inventory position at/below reorder point or projected shortage; shelf-life capacity limits safety stock or pack rounding
sugar,g,10290.581689539065,0.0,3430.1938965130216,960.5102593500362,P90-P50 normal-spread proxy,2234.3142872493545,9094.702080275398,10290.581689539065,7,2025-07-22,3515.4675954960003,0.0,24106.702641015465,614004.7074758309,mean-rate shelf-life proxy,610489.2398803349,22825.54933276882,True,23000.0,2025-07-20,2025-07-22,0.0,0.0,1035.0,inventory position at/below reorder point or projected shortage
chocolate_syrup,ml,3473.6148668613887,0.0,1157.8716222871296,290.03855900594783,P90-P50 normal-spread proxy,674.6802441014238,2990.423488675683,3473.6148668613887,7,2025-07-22,1216.4462535508017,0.0,8044.039835740605,33578.27704632676,mean-rate shelf-life proxy,32361.830792775956,7502.273826291227,True,8000.0,2025-07-20,2025-07-22,0.0,0.0,2400.0,inventory position at/below reorder point or projected shortage
tea_leaves,g,831.4071659909816,0.0,277.1357219969938,70.7601492376614,P90-P50 normal-spread proxy,201.5935461164,1033.0007121073813,831.4071659909816,7,2025-07-23,17.04529305998318,0.0,1953.1980533681153,24665.07925773245,mean-rate shelf-life proxy,24648.033964672468,2137.746306424532,True,2500.0,2025-07-20,2025-07-23,0.0,0.0,1500.0,inventory position at/below reorder point or projected shortage
ice,g,33427.452071071995,0.0,11142.484023690664,3821.926501617458,P90-P50 normal-spread proxy,6286.509668127428,17428.99369181809,33427.452071071995,6,2025-07-21,21319.194920231017,0.0,65889.13101499368,65889.13101499368,receipt-window forecast,44569.936094762656,50856.445762890085,True,44000.0,2025-07-20,2025-07-21,0.0,6856.4457628900855,440.0,inventory position at/below reorder point or projected shortage; shelf-life capacity limits safety stock or pack rounding
croissant_dough,pcs,39.94033289381935,0.0,39.94033289381935,9.816878467465784,P90-P50 normal-spread proxy,16.147328152552905,56.08766104637226,39.94033289381935,1,2025-07-21,0.0,0.0,34.84952686783504,34.84952686783504,receipt-window forecast,34.84952686783504,50.99685502038794,True,30.0,2025-07-20,2025-07-21,2.740446457121017,20.99685502038794,1350.0,inventory position at/below reorder point or projected shortage; stock shortage before new delivery; expedite or adjust menu; shelf-life capacity limits safety stock or pack rounding
bread,pcs,87.87734467168012,0.0,87.87734467168012,27.27261257020061,P90-P50 normal-spread proxy,44.859455702536785,132.7368003742169,87.87734467168012,1,2025-07-21,0.0,0.0,81.31650801596273,81.31650801596273,receipt-window forecast,81.31650801596273,126.1759637184995,True,80.0,2025-07-20,2025-07-21,6.038981689949793,46.1759637184995,640.0,inventory position at/below reorder point or projected shortage; stock shortage before new delivery; expedite or adjust menu; shelf-life capacity limits safety stock or pack rounding
cup_hot,pcs,1114.8329731629708,0.0,371.6109910543236,94.46147691036184,P90-P50 normal-spread proxy,310.75060580640286,1797.1945700236975,1114.8329731629708,7,2025-07-24,0.0,0.0,2604.76058935572,135266.4007437738,mean-rate shelf-life proxy,135266.4007437738,2915.511195162123,True,3000.0,2025-07-20,2025-07-24,349.09819985102496,0.0,12000.0,inventory position at/below reorder point or projected shortage; stock shortage before new delivery; expedite or adjust menu
cup_cold,pcs,293.4570061841348,0.0,97.8190020613783,33.603293314715486,P90-P50 normal-spread proxy,110.54499777244786,501.82100601796105,293.4570061841348,7,2025-07-24,0.0,0.0,691.5532330707648,35606.1167503417,mean-rate shelf-life proxy,35606.1167503417,802.0982308432126,True,900.0,2025-07-20,2025-07-24,86.93257327747598,0.0,4500.0,inventory position at/below reorder point or projected shortage; stock shortage before new delivery; expedite or adjust menu
