item,coffee_beans,milk,sugar,chocolate_syrup,tea_leaves,ice,croissant_dough,bread,cup_hot,cup_cold
espresso,18.0,0.0,0.0,0.0,0.0,0.0,0.0,0.0,1.0,0.0
americano,18.0,0.0,0.0,0.0,0.0,0.0,0.0,0.0,1.0,0.0
latte,18.0,200.0,8.0,0.0,0.0,0.0,0.0,0.0,1.0,0.0
cappuccino,18.0,150.0,8.0,0.0,0.0,0.0,0.0,0.0,1.0,0.0
cold_coffee,18.0,200.0,15.0,0.0,0.0,100.0,0.0,0.0,0.0,1.0
iced_latte,18.0,180.0,10.0,0.0,0.0,120.0,0.0,0.0,0.0,1.0
hot_chocolate,0.0,220.0,8.0,30.0,0.0,0.0,0.0,0.0,1.0,0.0
masala_chai,0.0,100.0,10.0,0.0,4.0,0.0,0.0,0.0,1.0,0.0
croissant,0.0,0.0,0.0,0.0,0.0,0.0,1.0,0.0,0.0,0.0
sandwich,0.0,0.0,0.0,0.0,0.0,0.0,0.0,2.0,0.0,0.0
