date,material,need,need_p10,need_p50,need_p90,unit,expected_cost
2025-07-20,bread,93.91632636162991,59.343022156055476,87.13588311046306,129.3475162800682,pcs,751.3306108930393
2025-07-20,chocolate_syrup,1209.9499017833728,849.3429106161365,1171.4835807320183,1588.0305779154082,ml,362.9849705350118
2025-07-20,coffee_beans,7324.761825250339,4845.570978291447,6770.290889901127,9442.026754184048,g,8789.714190300407
2025-07-20,croissant_dough,42.68077935094037,29.52945504310105,41.9274244874888,55.58344608296793,pcs,1920.6350707923166
2025-07-20,cup_cold,106.52608406189775,75.05805479210011,98.53491512971823,145.0983256138073,pcs,532.6304203094887
2025-07-20,cup_hot,421.19230686436947,276.50591158738723,392.1102599287434,538.1475916270992,pcs,1684.7692274574779
2025-07-20,ice,12108.257150840978,8546.745934382723,11206.46311413956,16473.83411440243,g,121.08257150840979
2025-07-20,milk,67635.60837100714,46185.57014655741,64140.178375615265,86738.06896225634,ml,4058.136502260428
2025-07-20,sugar,3827.251721083798,2611.3376751696346,3603.251777922355,4961.578913008015,g,172.22632744877092
2025-07-20,tea_leaves,323.3732779011206,217.3054945384882,303.3757048514618,425.0540276168033,g,194.02396674067236
2025-07-21,bread,81.31650801596273,54.75456031161032,77.41230498323996,108.45313066465519,pcs,650.5320641277018
2025-07-21,chocolate_syrup,1047.2187115272143,726.8619339702049,1028.061642455219,1374.5033060759765,ml,314.1656134581643
2025-07-21,coffee_beans,5711.815098183757,4134.8883707010145,5632.942250983122,7700.940363771832,g,6854.178117820508
2025-07-21,croissant_dough,34.84952686783504,24.193380361675203,34.28272737484995,45.50261905706079,pcs,1568.2287090525767
2025-07-21,cup_cold,79.59424353059599,58.81209708797476,79.11321126781596,119.58115520820874,pcs,397.97121765297993
2025-07-21,cup_hot,331.8561852049207,241.60129001873943,329.11395027938204,433.91645353809656,pcs,1327.4247408196827
2025-07-21,ice,9088.736400709724,6673.748016629938,8986.919167707729,13609.539101169386,g,90.88736400709725
2025-07-21,milk,53079.47876730242,38648.58300073666,52064.05481041496,72292.04321838691,ml,3184.768726038145
2025-07-21,sugar,2947.8623729592673,2179.4606696168726,2922.6428359653532,4069.570257502157,g,132.65380678316703
2025-07-21,tea_leaves,238.2228974559713,186.8064157938135,245.38684361191744,321.16543039597764,g,142.93373847358276
2025-07-22,bread,85.0434424272483,57.39258101713924,78.8161712627467,110.2166261919261,pcs,680.3475394179864
2025-07-22,chocolate_syrup,1055.6865875784888,698.0614608154415,1040.0119413010686,1394.0650132541296,ml,316.70597627354664
2025-07-22,coffee_beans,6034.849817234203,4230.945253974533,5724.734067469802,7954.1904598526235,g,7241.819780681044
2025-07-22,croissant_dough,36.64282612899248,24.96221311599182,35.42381035174397,48.27516493061882,pcs,1648.9271758046616
2025-07-22,cup_cold,85.52995350259874,63.538519124360846,81.13742238693409,122.92868530364208,pcs,427.6497675129937
2025-07-22,cup_hot,347.7820970151876,240.6692326669521,334.3688338863392,447.5450204456303,pcs,1391.1283880607505
2025-07-22,ice,9750.711145943453,7198.509713030982,9222.897701874232,13998.804645967852,g,97.50711145943453
2025-07-22,milk,55720.23070121437,39358.5539623437,52966.03538876441,74022.80877450222,ml,3343.213842072862
2025-07-22,sugar,3113.2496861126115,2234.2777398752246,2980.23605792582,4168.737418366427,g,140.09623587506752
2025-07-22,tea_leaves,252.76569757390655,184.44103987519674,252.52698879124387,330.2088707667948,g,151.65941854434394
2025-07-23,bread,85.13559001187213,55.179114976645536,81.28373501785585,110.26698367100039,pcs,681.084720094977
2025-07-23,chocolate_syrup,1096.3383609426628,725.4854603449729,1094.8750164125158,1397.3538074706805,ml,328.90150828279883
2025-07-23,coffee_beans,6665.844578865498,4413.62113708509,6268.325639312191,8608.021611810631,g,7999.013494638597
2025-07-23,croissant_dough,36.678607750321135,24.189381824042233,36.525754876446975,46.59451006936597,pcs,1650.537348764451
2025-07-23,cup_cold,108.73929836651831,70.09044885902529,98.17042915264273,147.8486746527215,pcs,543.6964918325916
2025-07-23,cup_hot,363.100583929518,246.5737271187857,351.0538211348484,459.54471406505394,pcs,1452.402335718072
2025-07-23,ice,12203.04418032192,7893.329570620405,11023.277941583232,16610.55378508823,g,122.0304418032192
2025-07-23,milk,62624.6226241093,41457.08828827957,58673.46558459424,80852.20565457563,ml,3757.477357446558
2025-07-23,sugar,3564.150783466492,2369.874128245534,3340.442304052809,4624.356910266204,g,160.38678525599215
2025-07-23,tea_leaves,261.28784775622137,190.05072163310592,259.3560983662862,332.15750160188435,g,156.77270865373282
2025-07-24,bread,87.62184571662745,55.93942659827936,84.91038975965,110.79005285561541,pcs,700.9747657330196
2025-07-24,chocolate_syrup,1057.6003936547831,728.791300221684,1071.2259026120887,1342.9212032737312,ml,317.28011809643493
2025-07-24,coffee_beans,6181.179454990822,4443.902268228359,6063.387758584397,7908.120335252189,g,7417.415345988986
2025-07-24,croissant_dough,37.84887734237237,25.17469942961617,36.79087520921141,47.793070292420644,pcs,1703.1994804067565
2025-07-24,cup_cold,90.21227578628627,67.86466260729703,86.64136542918207,124.47017377069378,pcs,451.06137893143136
2025-07-24,cup_hot,355.0601036845748,252.16138457139823,351.23835748080535,442.18857130890297,pcs,1420.2404147382993
2025-07-24,ice,10298.807270214435,7695.989901281252,9867.587954938079,14176.389044049585,g,102.98807270214435
2025-07-24,milk,57462.2100436776,41695.29369840474,56425.74983121454,73441.43661482762,ml,3447.732602620656
2025-07-24,sugar,3222.8134113459046,2366.6846454000856,3158.1512858995816,4149.604786023891,g,145.0266035105657
2025-07-24,tea_leaves,267.83659556098473,196.332525788607,262.64263592583774,331.94043923175354,g,160.70195733659082
2025-07-25,bread,88.46154283404697,57.44506388948278,83.70686622008283,121.42442667934901,pcs,707.6923426723757
2025-07-25,chocolate_syrup,1132.044323303253,767.7724159604129,1111.7482566224878,1454.725449345307,ml,339.61329699097587
2025-07-25,coffee_beans,6789.444211500161,4605.780226358162,6462.9117947411005,8702.4517586724,g,8147.333053800193
2025-07-25,croissant_dough,39.2330811731517,26.701845663722228,37.750022524392605,49.550833077867445,pcs,1765.4886527918266
2025-07-25,cup_cold,107.91984565053953,72.97343732960906,100.24773766392569,140.63391393716188,pcs,539.5992282526977
2025-07-25,cup_hot,378.21414425570305,259.7106870525589,364.68228148431353,482.07589036794457,pcs,1512.8565770228122
2025-07-25,ice,12438.150759744456,8338.340869184833,11520.351574250288,16126.657320554043,g,124.38150759744457
2025-07-25,milk,63981.567030205915,43508.945102130165,60247.3612142828,80601.83140457651,ml,3838.894021812355
2025-07-25,sugar,3582.769726390585,2469.8262852690373,3386.201494352625,4554.825942729378,g,161.22463768757632
2025-07-25,tea_leaves,286.2826750605303,205.8444487090087,276.70967293410155,364.8626880078841,g,171.76960503631818
2025-07-26,bread,93.64615733437333,59.87025426155502,84.37591033830815,131.80133970055584,pcs,749.1692586749866
2025-07-26,chocolate_syrup,1506.263077220133,978.4952818683661,1319.582199878177,1887.2847682149488,ml,451.8789231660399
2025-07-26,coffee_beans,6894.208290173228,4770.872746454392,6568.903018315299,9452.432602855608,g,8273.049948207874
2025-07-26,croissant_dough,51.64863164312239,38.102408901339885,48.81653057617725,66.28335367120232,pcs,2324.1884239405076
2025-07-26,cup_cold,106.2113135312114,76.37500351797952,102.13377372205355,146.86839835053323,pcs,531.056567656057
2025-07-26,cup_hot,404.07151642599155,274.18707885758437,378.60731649587734,545.157354664487,pcs,1616.2860657039662
2025-07-26,ice,12109.681258059685,8701.338022511154,11625.215766284764,16742.906450356117,g,121.09681258059686
2025-07-26,milk,66881.81723760425,46431.161472897904,63671.23603307435,89431.21430220379,ml,4012.909034256255
2025-07-26,sugar,3753.2595742324925,2615.719552888696,3568.5815331159124,5047.437047480207,g,168.89668084046215
2025-07-26,tea_leaves,310.1810626702222,212.84282939387566,288.95561331347034,418.3440604090828,g,186.1086376021333
2025-07-27,bread,92.61740856336787,62.69959745122791,85.92364946310119,129.57603693232232,pcs,740.939268506943
2025-07-27,chocolate_syrup,1177.1580690796736,819.8446508768349,1149.9004125269464,1574.7543725486282,ml,353.1474207239021
2025-07-27,coffee_beans,7535.367065570957,5091.584478553907,6900.172056158006,9819.57079014255,g,9042.440478685148
2025-07-27,croissant_dough,43.27932475623855,29.778417203249667,41.95759062052948,54.90725708854451,pcs,1947.5696140307348
2025-07-27,cup_cold,121.2628437989763,83.55315867373268,110.5417195989042,163.96633839463007,pcs,606.3142189948816
2025-07-27,cup_hot,413.9646961579369,279.7126367632796,381.7780158030811,532.0038343749201,pcs,1655.8587846317475
2025-07-27,ice,13946.009939206706,9603.419004601157,12724.360713865639,18792.565217892254,g,139.46009939206706
2025-07-27,milk,69685.33525438863,47816.377601748296,64271.548825619924,89606.71843241675,ml,4181.1201152633175
2025-07-27,sugar,3931.957319470102,2698.6187390872433,3606.1357276316585,5088.104641553895,g,176.93807937615458
2025-07-27,tea_leaves,310.9389130573465,213.33842706045334,284.0615498673471,393.80551501339176,g,186.5633478344079
2025-07-28,bread,76.89233615077828,55.87469075232256,75.414310767251,111.1272483545956,pcs,615.1386892062262
2025-07-28,chocolate_syrup,1018.9490239616108,689.1008785768114,1032.0698726012647,1348.3933570334298,ml,305.68470718848323
2025-07-28,coffee_beans,5653.320435563566,4175.891607092055,5649.860657214246,7663.92521187642,g,6783.984522676279
2025-07-28,croissant_dough,33.48752141188155,24.09239631640851,34.914480631399044,45.99028285366083,pcs,1506.9384635346698
2025-07-28,cup_cold,79.28199526664096,58.86100715267127,78.8398801276489,118.79765414856966,pcs,396.4099763332048
2025-07-28,cup_hot,330.3955074085401,243.8537215377757,330.6925602655166,433.02586072723835,pcs,1321.5820296341603
2025-07-28,ice,9047.910822818647,6673.748227480304,8964.001686272954,13524.507450605792,g,90.47910822818648
2025-07-28,milk,52564.22685088927,38692.23375448572,52159.61559123474,71124.89964705531,ml,3153.853611053356
2025-07-28,sugar,2938.502139997281,2194.796833210952,2925.146278731468,4021.1785369641707,g,132.23259629987766
2025-07-28,tea_leaves,247.86305561645392,191.88634759593154,246.31902123710677,326.14249646944205,g,148.71783336987235
2025-07-29,bread,86.92615421241499,57.683978923259765,81.53345729729108,115.70652672792153,pcs,695.4092336993199
2025-07-29,chocolate_syrup,1056.4328554825804,713.4639889087223,1113.7213173551204,1398.9330251915399,ml,316.92985664477413
2025-07-29,coffee_beans,6191.9634332559945,4372.358067893263,5746.30917587066,7936.829252635625,g,7430.356119907193
2025-07-29,croissant_dough,38.68002842004072,25.879570315673455,37.17171140444357,50.62433366522773,pcs,1740.6012789018325
2025-07-29,cup_cold,91.50233114883886,66.27755322577318,83.53653653291634,124.4255832559173,pcs,457.5116557441943
2025-07-29,cup_hot,354.573441518865,248.67309610167206,334.62326158403636,445.76919083448377,pcs,1418.29376607546
2025-07-29,ice,10435.207597454924,7527.2613689646705,9513.720631124208,14168.017558497979,g,104.35207597454925
2025-07-29,milk,57582.28989478237,40426.80079164162,53669.58188996154,73354.68272050178,ml,3454.937393686942
2025-07-29,sugar,3241.6095834513344,2302.782962625426,3005.869165346942,4150.521723029777,g,145.87243125531003
2025-07-29,tea_leaves,268.80790364635624,193.95363667845962,248.61327002530018,332.30836296215483,g,161.28474218781375
2025-07-30,bread,89.9166517684901,57.48607605177593,85.4334066988917,119.38309903759992,pcs,719.3332141479208
2025-07-30,chocolate_syrup,1073.9192496977537,749.6929786551632,1161.8444748825325,1389.064981966964,ml,322.1757749093261
2025-07-30,coffee_beans,6467.310819766806,4446.608763644575,6014.181432285515,8034.104170550965,g,7760.772983720167
2025-07-30,croissant_dough,39.44358306248671,25.754660608595813,38.640795583861575,50.465805966518275,pcs,1774.9612378119018
2025-07-30,cup_cold,95.16262788827159,67.95626070478572,86.84140126115341,125.97474175647976,pcs,475.8131394413579
2025-07-30,cup_hot,368.4811799041088,252.3300874009411,348.88497054313893,450.70731651085293,pcs,1473.9247196164351
2025-07-30,ice,10828.440738132082,7716.836267485693,9903.283266565126,14329.686763064854,g,108.28440738132082
2025-07-30,milk,59765.03159965401,41366.540413905765,56117.375525664975,74155.91106351565,ml,3585.90189597924
2025-07-30,sugar,3366.7655588816415,2348.5575265562697,3129.155670096804,4201.806582623319,g,151.50445014967386
2025-07-30,tea_leaves,275.58263525698067,194.01219263674278,252.99767203461775,337.94393900339287,g,165.3495811541884
