model,item,rows,wape,mae,rmse,bias,split,interval_coverage,mean_interval_width
ridge,overall,1562,0.21102231512316574,9.839827350829562,13.065613228315069,-0.7741513457586021,validation,,
ridge,americano,155,0.2068704633957235,7.433990200736644,9.76773815571645,-0.7071761032399027,validation,,
ridge,cappuccino,156,0.1947509499913301,10.592703914592539,14.021184633265108,0.0945612684966109,validation,,
ridge,cold_coffee,161,0.22120764159733097,14.454064531701379,18.835240751114952,-2.0186379778720105,validation,,
ridge,croissant,155,0.2172803400875755,7.18567111799298,8.748918677013753,0.01726562406156536,validation,,
ridge,espresso,156,0.2084946317424067,10.514277358445598,13.367848887416896,-0.32085214286207314,validation,,
ridge,hot_chocolate,155,0.2635778842000973,6.897238053648999,8.550521321296856,-0.20979290942208592,validation,,
ridge,iced_latte,155,0.22219223996543322,10.822912333800135,14.462591670657407,-1.3063582724626988,validation,,
ridge,latte,157,0.1706284384166522,10.470282647809093,13.828271775733295,-1.263301206516327,validation,,
ridge,masala_chai,158,0.23311261359225535,11.975791674229978,15.148960899071062,-1.6034012626773104,validation,,
ridge,sandwich,154,0.2032718407962492,7.800886877310602,9.63601999362331,-0.35913678471213256,validation,,
lightgbm,overall,1562,0.2072395919750466,9.663441537453597,12.796835969553074,-0.7858281799925976,validation,,
lightgbm,americano,155,0.20022419926334772,7.1951534832054636,9.307679411736657,-0.5376022274039248,validation,,
lightgbm,cappuccino,156,0.19551851979028265,10.634452823208642,13.858577823557281,-0.21166844458208034,validation,,
lightgbm,cold_coffee,161,0.21068426287427752,13.766449971660867,17.805384745954292,-1.5295764169690624,validation,,
lightgbm,croissant,155,0.21795741478761924,7.208062633557008,8.668510420852373,-0.4162832947345777,validation,,
lightgbm,espresso,156,0.2088935130198097,10.534392736710533,13.515177274349167,-1.235801021385953,validation,,
lightgbm,hot_chocolate,155,0.2413387133852057,6.3152891709057695,7.8654073461893805,-0.7582044958699004,validation,,
lightgbm,iced_latte,155,0.2125254148216908,10.352044399379132,14.200525333366715,-0.6857829415803811,validation,,
lightgbm,latte,157,0.17535428313247003,10.760274928014116,13.747428344761657,-1.041014556453976,validation,,
lightgbm,masala_chai,158,0.2296119994694032,11.795953162614845,15.032297831423987,-2.090357503705936,validation,,
lightgbm,sandwich,154,0.204145239227415,7.834404959961186,9.868401521490965,0.7142175477900546,validation,,
naive,overall,1562,0.3103539964760532,14.471596244131456,19.49511170585996,-0.7669440887750747,validation,,
naive,americano,155,0.308623578695392,11.090537634408602,14.618609194004234,-0.5701075268817203,validation,,
naive,cappuccino,156,0.2812414064034571,15.297008547008549,21.289100109581508,-0.5384615384615383,validation,,
naive,cold_coffee,161,0.3255703422053232,21.273291925465838,27.405512434567655,-0.8385093167701864,validation,,
naive,croissant,155,0.34202757185589805,11.311182795698924,14.159308398962061,-0.8896774193548389,validation,,
naive,espresso,156,0.31088089487733567,15.677564102564101,20.102141421838365,-0.675,validation,,
naive,hot_chocolate,155,0.3542077580539119,9.268817204301076,11.489016104063328,-0.3720430107526882,validation,,
naive,iced_latte,155,0.3283708609271523,15.994838709677419,22.269695885635926,-0.9694623655913978,validation,,
naive,latte,157,0.2597882499481005,15.94140127388535,21.11616943162202,-1.230148619957537,validation,,
naive,masala_chai,158,0.33232721448811137,17.07278481012658,21.864783127430375,-0.9841772151898732,validation,,
naive,sandwich,154,0.2976593344613649,11.423160173160172,14.396950585008831,-0.5898268398268399,validation,,
seasonal_naive,overall,1562,0.3082670877096634,14.374285104566793,19.46647089527317,-1.122599231754161,validation,,
seasonal_naive,americano,155,0.2895631358467983,10.405591397849461,13.840934561439491,-0.7574193548387095,validation,,
seasonal_naive,cappuccino,156,0.2991357297191122,16.27029914529915,21.789342875886895,-1.3643162393162391,validation,,
seasonal_naive,cold_coffee,161,0.29811470215462615,19.47929606625259,26.179982369753564,-1.0921325051759834,validation,,
seasonal_naive,croissant,155,0.3154376381844193,10.431827956989245,13.072542019007232,-0.8627956989247311,validation,,
seasonal_naive,espresso,156,0.31349095377314523,15.809188034188036,20.31272757926423,-1.1361111111111113,validation,,
seasonal_naive,hot_chocolate,155,0.3737261669953978,9.77956989247312,12.196854580126203,-0.8032258064516129,validation,,
seasonal_naive,iced_latte,155,0.3231743929359823,15.741720430107527,20.866357996961227,-0.6397849462365592,validation,,
seasonal_naive,latte,157,0.25423500103799046,15.60063694267516,21.707026104631375,-1.9021231422505307,validation,,
seasonal_naive,masala_chai,158,0.35719272309145417,18.350210970464136,23.6728686828128,-2.037974683544304,validation,,
seasonal_naive,sandwich,154,0.3008178228990412,11.544372294372295,14.832548984564635,-0.5984848484848485,validation,,
moving_average,overall,1562,0.24308786657382797,11.335022254740563,15.026512574316778,-1.096969696969697,validation,,
moving_average,americano,155,0.23054116440112848,8.284608294930875,10.71604894178957,-0.8227956989247309,validation,,
moving_average,cappuccino,156,0.22776327973735166,12.38827838827839,16.278410292937487,-1.0277777777777775,validation,,
moving_average,cold_coffee,161,0.26436040195545896,17.273735581188998,21.81593061005418,-1.2973972197574681,validation,,
moving_average,croissant,155,0.25562120283150325,8.453640552995392,10.322309069008206,-0.8017818740399384,validation,,
moving_average,espresso,156,0.23849957931564642,12.027411477411476,15.513531986314042,-1.312881562881563,validation,,
moving_average,hot_chocolate,155,0.267581243542782,7.00199692780338,8.931169309716768,-0.7970814132104455,validation,,
moving_average,iced_latte,155,0.262638284452854,12.793026113671274,16.79619644167894,-0.8708141321044547,validation,,
moving_average,latte,157,0.20039295352768471,12.296724294813467,16.134973953835544,-1.645829542007887,validation,,
moving_average,masala_chai,158,0.2645300574338396,13.58981314044605,17.19158631677887,-1.6814345991561184,validation,,
moving_average,sandwich,154,0.2326484570139392,8.928262213976499,11.16872944515574,-0.6821273964131106,validation,,
ridge,overall,1593,0.20672707785944983,11.118490803367283,14.642547139997916,-0.7062035713100376,test,,
ridge,americano,157,0.2187934425529234,10.124422676095469,12.834243437253528,-1.1967391501792333,test,,
ridge,cappuccino,160,0.19881892868091175,14.257802423029883,17.990000614164,-2.668200046918886,test,,
ridge,cold_coffee,159,0.23046024558382106,11.172248886541464,13.876052758436614,2.1565201313128175,test,,
ridge,croissant,159,0.209097239248219,8.198189870901869,10.499213230279056,0.09550960821785295,test,,
ridge,espresso,158,0.1945434255485437,13.539237388175865,17.362183923456456,-2.0377553165300992,test,,
ridge,hot_chocolate,159,0.2292945374783161,8.279119117377439,10.806294885035117,-1.18706502045777,test,,
ridge,iced_latte,158,0.2300948668288678,8.431957461640154,10.585511639659014,2.2329079738930213,test,,
ridge,latte,162,0.18425066929536357,14.36131605674417,18.385592500326254,-2.757057813832639,test,,
ridge,masala_chai,160,0.20971675276566407,14.775855962045819,19.46435810749212,-1.6783136895306376,test,,
ridge,sandwich,161,0.1952465304376604,7.96630098413038,10.117998171133708,0.02998640346663666,test,,
lightgbm,overall,1593,0.21492760998826535,11.559543528540244,15.548871939553486,-2.18610886597426,test,,
lightgbm,americano,157,0.22428754661652558,10.378656217637316,13.007205020440901,1.1831072635514517,test,,
lightgbm,cappuccino,160,0.2011701035620807,14.426411051695712,19.20481905151052,-7.841380136288905,test,,
lightgbm,cold_coffee,159,0.23006626161298666,11.153149336559126,13.822628705827391,1.8172886205236596,test,,
lightgbm,croissant,159,0.2255803236082366,8.844451178451239,10.880791181976178,2.345937960413062,test,,
lightgbm,espresso,158,0.20132640432555302,14.011298366859373,18.891780596164818,-7.17357397613456,test,,
lightgbm,hot_chocolate,159,0.2343051452344798,8.460036721956909,11.143971642654689,0.0029473327429977623,test,,
lightgbm,iced_latte,158,0.23504434985094116,8.613334086309806,11.036672718578997,2.8910666417667157,test,,
lightgbm,latte,162,0.21214449331058993,16.53548467304209,21.275036023266406,-11.389656591726194,test,,
lightgbm,masala_chai,160,0.20853939201062988,14.69290353834894,20.045032873071648,-6.187276786307903,test,,
lightgbm,sandwich,161,0.20514670651195926,8.370240466317146,10.384419645077317,2.7062404854385274,test,,
naive,overall,1593,0.29402912489155003,15.81389412010881,20.890915309543782,-0.1609123247541327,test,,
naive,americano,157,0.335691672401927,15.533757961783438,19.274395484740733,-0.2539278131634821,test,,
naive,cappuccino,160,0.28046017082098657,20.1125,25.308012290796587,-0.5750000000000001,test,,
naive,cold_coffee,159,0.3096998789136828,15.013626834381553,19.851470663184248,0.36163522012578614,test,,
naive,croissant,159,0.31710512244679706,12.432914046121592,16.304851519984755,0.06184486373165606,test,,
naive,espresso,158,0.28501273190251003,19.835443037974684,25.308928117867552,-0.32489451476793235,test,,
naive,hot_chocolate,159,0.33103988852116356,11.952830188679245,16.01832785884442,-0.11425576519916136,test,,
naive,iced_latte,158,0.3305929763960852,12.114767932489451,15.579240307259406,-0.04556962025316453,test,,
naive,latte,162,0.24428605369446424,19.04074074074074,25.185430826688787,0.10740740740740744,test,,
naive,masala_chai,160,0.2873089091930571,20.242708333333333,26.045956313366144,-0.7322916666666668,test,,
naive,sandwich,161,0.2890343532754859,11.79296066252588,15.332320607477852,-0.0952380952380952,test,,
seasonal_naive,overall,1593,0.28905949087853217,15.546610169491526,20.70440772643603,-0.3166038920276208,test,,
seasonal_naive,americano,157,0.3016081670107823,13.956581740976645,17.45428185460965,-0.0559447983014861,test,,
seasonal_naive,cappuccino,160,0.2575968857126257,18.47291666666667,24.231414699380085,-0.7729166666666666,test,,
seasonal_naive,cold_coffee,159,0.28628265006054315,13.878406708595387,18.03740581086272,-0.15932914046121593,test,,
seasonal_naive,croissant,159,0.3058549887712544,11.991823899371068,15.525923633782323,-0.339832285115304,test,,
seasonal_naive,espresso,158,0.2819206984357948,19.620253164556964,25.048665713136074,-0.6940928270042195,test,,
seasonal_naive,hot_chocolate,159,0.328450328049701,11.859329140461215,15.600805180890614,-0.22033542976939202,test,,
seasonal_naive,iced_latte,158,0.30025906735751295,11.003164556962025,13.729972500569161,-0.09810126582278486,test,,
seasonal_naive,latte,162,0.2763285024154589,21.53827160493827,27.345634339344272,-0.8366255144032924,test,,
seasonal_naive,masala_chai,160,0.309843579053195,21.830416666666668,28.489784475219263,0.12000000000000019,test,,
seasonal_naive,sandwich,161,0.27391282285482316,11.175983436853002,14.189343681794547,-0.09937888198757759,test,,
moving_average,overall,1593,0.232384698454939,12.498445580366484,16.406700748847424,-0.29345051265955224,test,,
moving_average,americano,157,0.2445213515550749,11.314952987564453,14.397130295026804,-0.24049135577798,test,,
moving_average,cappuccino,160,0.21738796616781628,15.589434523809524,19.212522876736298,-0.49122023809523824,test,,
moving_average,cold_coffee,159,0.2559214915857365,12.406558849955076,16.060630405687096,-0.10467205750224638,test,,
moving_average,croissant,159,0.25350764624104377,9.939412997903565,12.855649281544029,-0.46082659478885896,test,,
moving_average,espresso,158,0.21652895425176252,15.06931886678722,19.31601125998127,-0.23628691983122388,test,,
moving_average,hot_chocolate,159,0.26327999933643553,9.506229410002996,12.720534401700764,-0.20685834082060472,test,,
moving_average,iced_latte,158,0.25796118101817583,9.453134418324291,11.805153597214671,-0.19273658830620857,test,,
moving_average,latte,162,0.2066618395200006,16.10814226925338,20.7526346923186,-0.6062022339800118,test,,
moving_average,masala_chai,160,0.2343619182792429,16.512261904761907,21.36256981004132,-0.12654761904761927,test,,
moving_average,sandwich,161,0.2205416494501591,8.998373262348418,11.263699251671316,-0.2613132209405501,test,,
quantile_p50,overall,1593,0.21928874211312455,11.794100161974997,15.966126727689879,-3.2828901541078177,test,0.7407407407407407,32.89390973602061
quantile_p50,americano,157,0.22412264796603268,10.371025716389983,13.103757243829737,-0.4800309575168355,test,0.732484076433121,30.780820909171183
quantile_p50,cappuccino,160,0.21762400090723957,15.606361165060417,20.401585963654995,-9.416894613992268,test,0.7,39.01019376209731
quantile_p50,cold_coffee,159,0.2291500943393045,11.10873539098968,13.824940534813114,0.7957995141917109,test,0.7358490566037735,33.360467003479854
quantile_p50,croissant,159,0.21909636420662823,8.590231034365537,10.633319941678584,1.683620718087528,test,0.779874213836478,27.26639098514604
quantile_p50,espresso,158,0.2037965772967645,14.183209898450775,19.184587916741446,-8.263601042539012,test,0.7721518987341772,39.44575524506055
quantile_p50,hot_chocolate,159,0.23304875403951533,8.414672307804135,11.14655302290168,-0.4770727407421296,test,0.6666666666666666,22.077112192035475
quantile_p50,iced_latte,158,0.23101237440570838,8.465580049424377,10.767511217268346,2.1814286420296938,test,0.759493670886076,26.457542171278913
quantile_p50,latte,162,0.22077037008823003,17.207823846321485,22.278735525775332,-12.302304765170321,test,0.691358024691358,40.806554550316676
quantile_p50,masala_chai,160,0.22179174404929414,15.62661456667308,21.046482661842507,-8.096882551389417,test,0.75625,40.453396407750915
quantile_p50,sandwich,161,0.20189215558454732,8.237450745558332,10.171341273452407,1.7609226793858583,test,0.8136645962732919,29.067831129858018
