model,horizon_day,rows,wape,mae,rmse,bias,interval_coverage,mean_interval_width
lightgbm,1,224,0.20235057338307727,12.441850210737158,16.986129370527646,-2.8546696440153463,0.78125,37.081062593876915
lightgbm,2,218,0.2503067043597271,11.983720520194824,16.403029883094682,-2.18195740649673,0.6743119266055045,30.663778149564727
lightgbm,3,224,0.2166779827033463,10.911284128989937,14.769251965092755,-2.9999686459506205,0.7678571428571429,31.255328578118192
lightgbm,4,219,0.20772302723483985,10.444958794109846,13.80577251499552,-1.2897739733675408,0.7671232876712328,31.496523497238808
lightgbm,5,224,0.23665483224582143,11.636233581944095,15.732397666134837,-0.35339070117172705,0.7142857142857143,30.226993969929612
lightgbm,6,222,0.19937137461378426,11.146835593271577,14.282815274448888,-3.8357436922626262,0.7432432432432432,33.825821547893945
lightgbm,7,223,0.2029759613373367,11.849063070356273,15.420144404118952,-0.4907855323024416,0.7982062780269058,37.67359228500186
seasonal_naive,1,224,0.2977346983228055,18.30669642857143,24.848633130463757,0.12217261904761896,,
seasonal_naive,2,218,0.3046820606176743,14.587003058103976,19.339800537012188,-0.10382262996941899,,
seasonal_naive,3,224,0.2744473995271867,13.820386904761904,17.75556376584132,-0.11264880952380953,,
seasonal_naive,4,219,0.2790713161399685,14.032572298325723,18.695449108047608,0.08310502283105012,,
seasonal_naive,5,224,0.3326009321469645,16.35386904761905,22.13929051536678,0.9610119047619047,,
seasonal_naive,6,222,0.26433021806853585,14.778678678678679,18.886993103946125,0.14864864864864877,,
seasonal_naive,7,223,0.2705868797050238,15.795964125560538,20.72967335125246,-0.6689088191330345,,
lightgbm,overall,1554,0.2152539487155814,11.4893526577623,15.381101323851572,-2.0010978006334423,0.7496782496782497,33.1860901013381
seasonal_naive,overall,1554,0.28833457912376725,15.39009009009009,20.480444122347333,0.06229086229086219,,
