policy,material,unit,waste_units,waste_cost
manual,bread,pcs,268.0999999999994,2144.799999999995
manual,chocolate_syrup,ml,0.0,0.0
manual,coffee_beans,g,0.0,0.0
manual,croissant_dough,pcs,192.49714285714242,8662.371428571409
manual,cup_cold,pcs,0.0,0.0
manual,cup_hot,pcs,0.0,0.0
manual,ice,g,213354.2857142856,2133.542857142856
manual,milk,ml,532127.0,31927.62
manual,sugar,g,0.0,0.0
manual,tea_leaves,g,0.0,0.0
ml,bread,pcs,4.139999999999553,33.11999999999642
ml,chocolate_syrup,ml,0.0,0.0
ml,coffee_beans,g,0.0,0.0
ml,croissant_dough,pcs,0.0,0.0
ml,cup_cold,pcs,0.0,0.0
ml,cup_hot,pcs,0.0,0.0
ml,ice,g,63039.08571428559,630.3908571428559
ml,milk,ml,17799.0,1067.94
ml,sugar,g,0.0,0.0
ml,tea_leaves,g,0.0,0.0
seasonal_naive,bread,pcs,33.69999999999969,269.5999999999975
seasonal_naive,chocolate_syrup,ml,0.0,0.0
seasonal_naive,coffee_beans,g,0.0,0.0
seasonal_naive,croissant_dough,pcs,4.777142857142534,214.97142857141404
seasonal_naive,cup_cold,pcs,0.0,0.0
seasonal_naive,cup_hot,pcs,0.0,0.0
seasonal_naive,ice,g,42039.08571428559,420.3908571428559
seasonal_naive,milk,ml,77234.0,4634.04
seasonal_naive,sugar,g,0.0,0.0
seasonal_naive,tea_leaves,g,0.0,0.0
