model,candidate,parameters,fold,train_end,validation_start,validation_end,absolute_error,actual_units,rows,wape,mae,rmse,bias
lightgbm,0,"{""learning_rate"": 0.03, ""num_leaves"": 15}",1,2023-05-12,2023-05-13,2023-09-16,11865.875257190206,50539.0,1222,0.23478650660262781,9.710208884771037,12.512007341176476,-0.6638414455531705
lightgbm,0,"{""learning_rate"": 0.03, ""num_leaves"": 15}",2,2023-09-16,2023-09-17,2024-01-21,11865.376921175422,51217.0,1202,0.23166872173644343,9.871361831260751,12.816958171566917,1.996976262482781
lightgbm,0,"{""learning_rate"": 0.03, ""num_leaves"": 15}",3,2024-01-21,2024-01-22,2024-05-27,11301.748189413016,49455.0,1210,0.2285258960552627,9.340287759845468,12.89975282815618,-2.0348135490487325
lightgbm,0,"{""learning_rate"": 0.03, ""num_leaves"": 15}",4,2024-05-27,2024-05-28,2024-10-01,11461.35663706646,54539.0,1221,0.21014973939871393,9.386860472617903,12.063678611093648,-0.006069365904020701
lightgbm,0,"{""learning_rate"": 0.03, ""num_leaves"": 15}",5,2024-10-01,2024-10-02,2025-02-05,11535.922095235355,55095.0,1214,0.20938237762474554,9.502406997722698,12.375673486539853,-1.1810317044895018
lightgbm,1,"{""learning_rate"": 0.05, ""num_leaves"": 15}",1,2023-05-12,2023-05-13,2023-09-16,12147.007819779916,50539.0,1222,0.24034919210470954,9.940268264959014,12.727337199744252,-0.6525267343736876
lightgbm,1,"{""learning_rate"": 0.05, ""num_leaves"": 15}",2,2023-09-16,2023-09-17,2024-01-21,12123.626651959166,51217.0,1202,0.2367109876009756,10.086211856871186,12.9979305343566,2.457854576338509
lightgbm,1,"{""learning_rate"": 0.05, ""num_leaves"": 15}",3,2024-01-21,2024-01-22,2024-05-27,11260.34512270422,49455.0,1210,0.22768870938639613,9.306070349342331,12.80031668794086,-2.049610287326719
lightgbm,1,"{""learning_rate"": 0.05, ""num_leaves"": 15}",4,2024-05-27,2024-05-28,2024-10-01,11674.705657528562,54539.0,1221,0.21406160101080995,9.561593495109388,12.311306189194038,0.4006317110350165
lightgbm,1,"{""learning_rate"": 0.05, ""num_leaves"": 15}",5,2024-10-01,2024-10-02,2025-02-05,11626.67127915818,55095.0,1214,0.21102951772680242,9.577159208532272,12.451304914730907,-0.9211271553783924
lightgbm,2,"{""learning_rate"": 0.03, ""num_leaves"": 31}",1,2023-05-12,2023-05-13,2023-09-16,12154.585636435946,50539.0,1222,0.2404991320848443,9.946469424252001,12.745877847744639,-0.245947289532847
lightgbm,2,"{""learning_rate"": 0.03, ""num_leaves"": 31}",2,2023-09-16,2023-09-17,2024-01-21,11898.601077386467,51217.0,1202,0.23231741565078914,9.899002560221687,12.862791656558546,1.7515537292433063
lightgbm,2,"{""learning_rate"": 0.03, ""num_leaves"": 31}",3,2024-01-21,2024-01-22,2024-05-27,11253.755113195024,49455.0,1210,0.22755545674239253,9.300624060491755,12.580073441925471,-0.9871805202926439
lightgbm,2,"{""learning_rate"": 0.03, ""num_leaves"": 31}",4,2024-05-27,2024-05-28,2024-10-01,11726.887098476405,54539.0,1221,0.21501837397965504,9.604330137982314,12.329490421410862,0.7203026297167677
lightgbm,2,"{""learning_rate"": 0.03, ""num_leaves"": 31}",5,2024-10-01,2024-10-02,2025-02-05,11775.048656854262,55095.0,1214,0.2137226364797942,9.69938110119791,12.714984447268224,-1.8623713108028765
lightgbm,3,"{""learning_rate"": 0.05, ""num_leaves"": 31}",1,2023-05-12,2023-05-13,2023-09-16,12368.992179193505,50539.0,1222,0.24474152989163825,10.121924860223817,12.943455262825399,-0.21975414146556513
lightgbm,3,"{""learning_rate"": 0.05, ""num_leaves"": 31}",2,2023-09-16,2023-09-17,2024-01-21,12284.055935278953,51217.0,1202,0.2398433320045874,10.21968047860146,13.251465087747125,2.4727509618447225
lightgbm,3,"{""learning_rate"": 0.05, ""num_leaves"": 31}",3,2024-01-21,2024-01-22,2024-05-27,11478.4154630446,49455.0,1210,0.23209817941653219,9.486293771111239,12.934332454232019,-2.0447435066907462
lightgbm,3,"{""learning_rate"": 0.05, ""num_leaves"": 31}",4,2024-05-27,2024-05-28,2024-10-01,11833.218081919222,54539.0,1221,0.21696800604923488,9.691415300507144,12.440576794416552,0.9721494121827549
lightgbm,3,"{""learning_rate"": 0.05, ""num_leaves"": 31}",5,2024-10-01,2024-10-02,2025-02-05,11843.71761728339,55095.0,1214,0.21496901020570633,9.755945319014325,12.839082257248915,-1.9751030708890753
ridge,-1,{},1,2023-05-12,2023-05-13,2023-09-16,14529.429085819402,50539.0,1222,0.2874894454939631,11.889876502307203,15.084221265867598,-6.661925026338802
naive,-1,{},1,2023-05-12,2023-05-13,2023-09-16,15364.233333333334,50539.0,1222,0.304007466181233,12.573022367703219,16.41474242463362,-0.4916803055100928
seasonal_naive,-1,{},1,2023-05-12,2023-05-13,2023-09-16,15309.466666666667,50539.0,1222,0.30292381461181794,12.528205128205128,16.342420064991938,-0.2733224222585925
moving_average,-1,{},1,2023-05-12,2023-05-13,2023-09-16,12116.114285714284,50539.0,1222,0.2397379110333462,9.914987140519054,12.69181416980888,-0.4481256332320162
ridge,-1,{},2,2023-09-16,2023-09-17,2024-01-21,18739.278650851396,51217.0,1202,0.365880052538247,15.590082072255738,18.32528715736471,12.728429587265735
naive,-1,{},2,2023-09-16,2023-09-17,2024-01-21,15437.783333333333,51217.0,1202,0.3014191251602658,12.843413754853023,17.253187515135497,-0.4319606211869108
seasonal_naive,-1,{},2,2023-09-16,2023-09-17,2024-01-21,16262.55,51217.0,1202,0.3175225022941601,13.529575707154741,18.313412997790927,-0.28437326677759295
moving_average,-1,{},2,2023-09-16,2023-09-17,2024-01-21,12798.0,51217.0,1202,0.2498779702052053,10.647254575707155,14.04186593169067,-0.24035734093970362
ridge,-1,{},3,2024-01-21,2024-01-22,2024-05-27,11446.600316154381,49455.0,1210,0.23145486434444204,9.460000261284613,12.988588342793303,-4.103735112721639
naive,-1,{},3,2024-01-21,2024-01-22,2024-05-27,14857.95,49455.0,1210,0.30043372763117987,12.279297520661158,16.679805213919266,-0.1664325068870523
seasonal_naive,-1,{},3,2024-01-21,2024-01-22,2024-05-27,14449.05,49455.0,1210,0.2921656050955414,11.941363636363636,15.753049648633857,-0.4592424242424243
moving_average,-1,{},3,2024-01-21,2024-01-22,2024-05-27,11882.207142857143,49455.0,1210,0.24026300966246372,9.820005903187722,13.279598396568547,-0.49549193231011407
ridge,-1,{},4,2024-05-27,2024-05-28,2024-10-01,11531.823332543307,54539.0,1221,0.21144178170746267,9.444572753925723,12.126482357719263,0.3347810705294616
naive,-1,{},4,2024-05-27,2024-05-28,2024-10-01,16676.783333333333,54539.0,1221,0.3057772114144618,13.658299208299209,17.84713681064255,-0.2284329784329785
seasonal_naive,-1,{},4,2024-05-27,2024-05-28,2024-10-01,16132.1,54539.0,1221,0.29579016850327294,13.212203112203113,17.305759189336396,-0.6096369096369098
moving_average,-1,{},4,2024-05-27,2024-05-28,2024-10-01,13027.278571428571,54539.0,1221,0.23886170577804086,10.669351819351819,13.698901881052308,-0.39586404586404583
ridge,-1,{},5,2024-10-01,2024-10-02,2025-02-05,11604.242832190746,55095.0,1214,0.21062243093185853,9.558684375774915,12.345887245666809,-0.03428928756455681
naive,-1,{},5,2024-10-01,2024-10-02,2025-02-05,17015.766666666666,55095.0,1214,0.3088441177360317,14.016282262493135,18.441233946340596,-0.7515925315760571
seasonal_naive,-1,{},5,2024-10-01,2024-10-02,2025-02-05,16809.13333333333,55095.0,1214,0.3050936261608736,13.846073585941788,18.529691802850408,-0.4284459088412961
moving_average,-1,{},5,2024-10-01,2024-10-02,2025-02-05,13068.761904761905,55095.0,1214,0.23720413657794545,10.765042755158076,14.159124678344272,-0.44907821448183877
