date,temp_max,temp_min,rainfall,rain_flag,weather_source
2023-01-01,27.5,14.9,0.0,0,open_meteo
2023-01-02,26.7,15.5,0.0,0,open_meteo
2023-01-03,26.5,14.9,0.0,0,open_meteo
2023-01-04,26.4,16.0,0.0,0,open_meteo
2023-01-05,25.1,15.8,0.1,0,open_meteo
2023-01-06,26.8,15.0,0.0,0,open_meteo
2023-01-07,26.6,15.3,0.0,0,open_meteo
2023-01-08,26.7,15.8,0.0,0,open_meteo
2023-01-09,26.1,14.5,0.0,0,open_meteo
2023-01-10,26.6,12.7,0.0,0,open_meteo
2023-01-11,27.2,11.9,0.0,0,open_meteo
2023-01-12,28.2,12.8,0.0,0,open_meteo
2023-01-13,28.4,12.3,0.0,0,open_meteo
2023-01-14,29.0,13.4,0.0,0,open_meteo
2023-01-15,28.4,12.0,0.0,0,open_meteo
2023-01-16,29.0,12.5,0.0,0,open_meteo
2023-01-17,28.6,14.1,0.0,0,open_meteo
2023-01-18,27.5,13.5,0.0,0,open_meteo
2023-01-19,27.1,13.7,0.0,0,open_meteo
2023-01-20,26.5,13.5,0.0,0,open_meteo
2023-01-21,26.6,16.6,0.0,0,open_meteo
2023-01-22,26.7,14.7,0.0,0,open_meteo
2023-01-23,27.4,14.9,0.0,0,open_meteo
2023-01-24,27.9,17.9,0.0,0,open_meteo
2023-01-25,27.8,16.1,0.0,0,open_meteo
2023-01-26,27.8,15.0,0.0,0,open_meteo
2023-01-27,28.3,15.3,0.0,0,open_meteo
2023-01-28,27.9,13.9,0.0,0,open_meteo
2023-01-29,27.7,13.5,0.0,0,open_meteo
2023-01-30,27.2,17.0,2.3,1,open_meteo
2023-01-31,29.1,17.5,0.0,0,open_meteo
2023-02-01,28.4,15.7,0.0,0,open_meteo
2023-02-02,29.0,17.3,0.0,0,open_meteo
2023-02-03,26.6,16.4,0.0,0,open_meteo
2023-02-04,29.2,17.0,0.0,0,open_meteo
2023-02-05,30.1,16.5,0.0,0,open_meteo
2023-02-06,29.4,15.9,0.0,0,open_meteo
2023-02-07,29.7,16.0,0.0,0,open_meteo
2023-02-08,30.9,17.0,0.0,0,open_meteo
2023-02-09,30.3,16.9,0.0,0,open_meteo
2023-02-10,30.2,16.3,0.0,0,open_meteo
2023-02-11,30.3,14.8,0.0,0,open_meteo
2023-02-12,31.0,16.1,0.0,0,open_meteo
2023-02-13,30.5,16.4,0.0,0,open_meteo
2023-02-14,30.5,15.6,0.0,0,open_meteo
2023-02-15,30.6,14.7,0.0,0,open_meteo
2023-02-16,30.5,15.7,0.0,0,open_meteo
2023-02-17,30.4,15.5,0.0,0,open_meteo
2023-02-18,30.2,14.8,0.0,0,open_meteo
2023-02-19,29.9,15.4,0.0,0,open_meteo
2023-02-20,30.0,16.4,0.0,0,open_meteo
2023-02-21,31.1,16.9,0.0,0,open_meteo
2023-02-22,31.1,16.7,0.0,0,open_meteo
2023-02-23,31.0,15.1,0.0,0,open_meteo
2023-02-24,31.4,14.2,0.0,0,open_meteo
2023-02-25,31.7,15.4,0.0,0,open_meteo
2023-02-26,30.5,16.4,0.0,0,open_meteo
2023-02-27,29.9,13.9,0.0,0,open_meteo
2023-02-28,30.7,14.2,0.0,0,open_meteo
2023-03-01,30.0,18.2,0.0,0,open_meteo
2023-03-02,30.1,15.2,0.0,0,open_meteo
2023-03-03,31.0,15.0,0.0,0,open_meteo
2023-03-04,31.0,16.2,0.0,0,open_meteo
2023-03-05,31.3,17.2,0.0,0,open_meteo
2023-03-06,31.2,16.8,0.0,0,open_meteo
2023-03-07,31.0,16.1,0.0,0,open_meteo
2023-03-08,30.8,16.2,0.0,0,open_meteo
2023-03-09,30.5,16.0,0.0,0,open_meteo
2023-03-10,30.4,16.5,0.0,0,open_meteo
2023-03-11,31.4,15.7,0.0,0,open_meteo
2023-03-12,31.2,15.3,0.0,0,open_meteo
2023-03-13,31.8,17.5,0.0,0,open_meteo
2023-03-14,32.7,18.0,0.0,0,open_meteo
2023-03-15,32.6,18.3,0.0,0,open_meteo
2023-03-16,30.7,20.0,1.2,1,open_meteo
2023-03-17,29.4,19.2,3.9,1,open_meteo
2023-03-18,30.0,18.9,12.4,1,open_meteo
2023-03-19,30.4,17.7,6.7,1,open_meteo
2023-03-20,31.4,17.0,0.0,0,open_meteo
2023-03-21,31.4,18.1,0.0,0,open_meteo
2023-03-22,31.7,18.1,0.0,0,open_meteo
2023-03-23,33.6,19.3,0.0,0,open_meteo
2023-03-24,33.0,19.9,0.0,0,open_meteo
2023-03-25,30.8,19.6,1.3,1,open_meteo
2023-03-26,31.0,20.7,0.4,0,open_meteo
2023-03-27,35.5,20.2,0.0,0,open_meteo
2023-03-28,34.7,20.4,0.0,0,open_meteo
2023-03-29,32.3,21.3,5.7,1,open_meteo
2023-03-30,32.2,20.9,0.6,1,open_meteo
2023-03-31,31.4,19.8,0.2,0,open_meteo
2023-04-01,29.7,21.5,1.5,1,open_meteo
2023-04-02,33.8,20.1,0.0,0,open_meteo
2023-04-03,32.9,19.7,0.0,0,open_meteo
2023-04-04,31.1,20.9,0.6,1,open_meteo
2023-04-05,32.5,19.1,0.0,0,open_meteo
2023-04-06,31.2,20.6,0.2,0,open_meteo
2023-04-07,32.1,20.3,0.0,0,open_meteo
2023-04-08,32.2,19.5,0.0,0,open_meteo
2023-04-09,32.4,18.3,0.0,0,open_meteo
2023-04-10,32.9,19.4,0.0,0,open_meteo
2023-04-11,33.6,18.8,0.0,0,open_meteo
2023-04-12,34.7,18.6,0.0,0,open_meteo
2023-04-13,35.1,18.9,0.0,0,open_meteo
2023-04-14,35.2,20.1,0.0,0,open_meteo
2023-04-15,34.0,19.7,0.0,0,open_meteo
2023-04-16,34.3,19.5,0.0,0,open_meteo
2023-04-17,34.6,19.5,0.0,0,open_meteo
2023-04-18,34.9,20.5,0.0,0,open_meteo
2023-04-19,35.5,21.0,0.0,0,open_meteo
2023-04-20,34.9,20.6,0.0,0,open_meteo
2023-04-21,33.9,21.4,0.0,0,open_meteo
2023-04-22,33.4,21.1,0.0,0,open_meteo
2023-04-23,33.3,21.4,0.0,0,open_meteo
2023-04-24,33.8,21.5,0.1,0,open_meteo
2023-04-25,32.1,22.1,2.1,1,open_meteo
2023-04-26,33.2,21.1,0.8,1,open_meteo
2023-04-27,33.7,21.1,0.1,0,open_meteo
2023-04-28,32.8,21.3,0.3,0,open_meteo
2023-04-29,31.8,20.9,4.5,1,open_meteo
2023-04-30,31.9,20.3,17.8,1,open_meteo
2023-05-01,29.5,19.4,3.8,1,open_meteo
2023-05-02,29.6,20.6,2.5,1,open_meteo
2023-05-03,27.0,19.8,5.2,1,open_meteo
2023-05-04,28.6,19.8,1.0,1,open_meteo
2023-05-05,27.7,20.0,0.7,1,open_meteo
2023-05-06,29.8,20.4,8.7,1,open_meteo
2023-05-07,26.1,20.1,4.1,1,open_meteo
2023-05-08,29.3,21.0,19.8,1,open_meteo
2023-05-09,31.0,19.1,9.6,1,open_meteo
2023-05-10,32.0,19.4,0.0,0,open_meteo
2023-05-11,32.6,20.4,6.7,1,open_meteo
2023-05-12,31.8,20.9,0.2,0,open_meteo
2023-05-13,30.9,21.5,2.1,1,open_meteo
2023-05-14,32.4,20.5,0.0,0,open_meteo
2023-05-15,33.0,21.2,0.0,0,open_meteo
2023-05-16,33.0,19.8,0.0,0,open_meteo
2023-05-17,32.6,21.9,0.0,0,open_meteo
2023-05-18,34.2,21.5,0.1,0,open_meteo
2023-05-19,34.2,21.7,0.0,0,open_meteo
2023-05-20,33.3,21.2,0.1,0,open_meteo
2023-05-21,31.6,21.8,7.3,1,open_meteo
2023-05-22,31.6,20.4,1.6,1,open_meteo
2023-05-23,32.4,19.8,1.0,1,open_meteo
2023-05-24,31.8,21.1,6.6,1,open_meteo
2023-05-25,31.3,20.9,1.4,1,open_meteo
2023-05-26,31.3,20.8,0.0,0,open_meteo
2023-05-27,31.4,20.5,0.5,1,open_meteo
2023-05-28,32.3,21.1,0.0,0,open_meteo
2023-05-29,32.6,21.4,1.8,1,open_meteo
2023-05-30,30.0,21.5,36.6,1,open_meteo
2023-05-31,30.6,21.2,20.3,1,open_meteo
2023-06-01,31.0,20.7,3.1,1,open_meteo
2023-06-02,30.3,20.8,0.0,0,open_meteo
2023-06-03,31.6,20.9,0.4,0,open_meteo
2023-06-04,30.0,21.2,0.0,0,open_meteo
2023-06-05,30.8,21.0,0.1,0,open_meteo
2023-06-06,31.3,21.3,0.3,0,open_meteo
2023-06-07,31.6,21.2,0.0,0,open_meteo
2023-06-08,31.6,20.6,0.0,0,open_meteo
2023-06-09,31.4,20.3,5.5,1,open_meteo
2023-06-10,30.8,20.1,0.7,1,open_meteo
2023-06-11,30.8,20.6,0.2,0,open_meteo
2023-06-12,30.5,20.3,13.0,1,open_meteo
2023-06-13,30.8,20.1,1.8,1,open_meteo
2023-06-14,30.7,20.0,1.1,1,open_meteo
2023-06-15,31.6,19.9,0.0,0,open_meteo
2023-06-16,32.0,20.8,0.0,0,open_meteo
2023-06-17,31.4,19.9,0.2,0,open_meteo
2023-06-18,30.8,21.2,1.0,1,open_meteo
2023-06-19,28.4,20.5,2.4,1,open_meteo
2023-06-20,26.3,21.4,18.5,1,open_meteo
2023-06-21,29.4,20.3,13.6,1,open_meteo
2023-06-22,29.1,20.8,3.7,1,open_meteo
2023-06-23,28.9,20.3,0.5,1,open_meteo
2023-06-24,28.1,20.3,3.6,1,open_meteo
2023-06-25,29.1,19.3,0.9,1,open_meteo
2023-06-26,28.7,20.2,0.2,0,open_meteo
2023-06-27,28.8,19.4,2.3,1,open_meteo
2023-06-28,28.9,19.8,2.4,1,open_meteo
2023-06-29,28.7,19.5,9.1,1,open_meteo
2023-06-30,29.8,20.1,1.7,1,open_meteo
2023-07-01,29.3,19.8,0.7,1,open_meteo
2023-07-02,28.9,20.5,4.7,1,open_meteo
2023-07-03,28.9,20.3,8.3,1,open_meteo
2023-07-04,26.4,20.0,14.9,1,open_meteo
2023-07-05,26.5,20.1,12.3,1,open_meteo
2023-07-06,25.2,19.6,15.3,1,open_meteo
2023-07-07,26.7,19.4,4.9,1,open_meteo
2023-07-08,26.9,19.9,1.8,1,open_meteo
2023-07-09,27.9,20.1,4.6,1,open_meteo
2023-07-10,26.4,19.6,4.3,1,open_meteo
2023-07-11,26.0,20.0,0.7,1,open_meteo
2023-07-12,28.0,19.4,1.7,1,open_meteo
2023-07-13,25.4,19.6,6.2,1,open_meteo
2023-07-14,27.5,19.8,2.4,1,open_meteo
2023-07-15,28.1,19.3,0.6,1,open_meteo
2023-07-16,27.7,19.6,1.3,1,open_meteo
2023-07-17,27.5,19.5,2.5,1,open_meteo
2023-07-18,27.9,20.4,0.8,1,open_meteo
2023-07-19,26.6,20.4,1.1,1,open_meteo
2023-07-20,27.2,20.4,1.6,1,open_meteo
2023-07-21,27.6,20.1,2.3,1,open_meteo
2023-07-22,25.6,20.6,8.4,1,open_meteo
2023-07-23,26.0,20.3,9.7,1,open_meteo
2023-07-24,25.7,19.8,12.7,1,open_meteo
2023-07-25,23.4,19.8,13.5,1,open_meteo
2023-07-26,23.2,19.3,19.3,1,open_meteo
2023-07-27,27.1,19.6,2.3,1,open_meteo
2023-07-28,28.2,19.0,1.5,1,open_meteo
2023-07-29,27.8,19.5,1.0,1,open_meteo
2023-07-30,28.0,18.6,0.7,1,open_meteo
2023-07-31,28.7,19.4,1.3,1,open_meteo
2023-08-01,28.2,19.7,0.4,0,open_meteo
2023-08-02,28.0,19.5,0.0,0,open_meteo
2023-08-03,28.0,19.6,1.0,1,open_meteo
2023-08-04,28.6,19.1,1.1,1,open_meteo
2023-08-05,28.7,19.4,1.2,1,open_meteo
2023-08-06,28.8,19.4,0.3,0,open_meteo
2023-08-07,29.0,19.5,0.9,1,open_meteo
2023-08-08,28.9,19.2,0.6,1,open_meteo
2023-08-09,29.1,19.2,1.1,1,open_meteo
2023-08-10,28.7,19.9,0.5,1,open_meteo
2023-08-11,28.4,20.3,0.6,1,open_meteo
2023-08-12,29.7,20.1,0.3,0,open_meteo
2023-08-13,29.3,19.6,0.1,0,open_meteo
2023-08-14,29.2,20.6,0.4,0,open_meteo
2023-08-15,29.4,19.0,0.5,1,open_meteo
2023-08-16,30.8,19.1,0.0,0,open_meteo
2023-08-17,30.7,20.1,0.6,1,open_meteo
2023-08-18,30.1,19.8,1.1,1,open_meteo
2023-08-19,28.9,19.9,7.3,1,open_meteo
2023-08-20,30.0,19.4,0.8,1,open_meteo
2023-08-21,30.5,19.4,0.0,0,open_meteo
2023-08-22,30.7,20.3,0.8,1,open_meteo
2023-08-23,30.6,20.5,0.0,0,open_meteo
2023-08-24,30.5,20.0,0.0,0,open_meteo
2023-08-25,31.0,19.7,0.0,0,open_meteo
2023-08-26,31.0,19.9,3.8,1,open_meteo
2023-08-27,30.6,20.5,0.1,0,open_meteo
2023-08-28,31.4,20.5,0.0,0,open_meteo
2023-08-29,31.0,20.8,0.7,1,open_meteo
2023-08-30,31.4,19.9,12.5,1,open_meteo
2023-08-31,28.8,19.9,8.8,1,open_meteo
2023-09-01,30.2,20.0,9.2,1,open_meteo
2023-09-02,29.2,20.2,11.8,1,open_meteo
2023-09-03,28.3,20.0,0.0,0,open_meteo
2023-09-04,26.9,20.3,1.2,1,open_meteo
2023-09-05,25.8,19.5,1.5,1,open_meteo
2023-09-06,28.2,20.4,1.3,1,open_meteo
2023-09-07,28.7,20.4,4.7,1,open_meteo
2023-09-08,28.1,20.2,2.1,1,open_meteo
2023-09-09,29.0,19.7,1.1,1,open_meteo
2023-09-10,28.6,19.5,2.0,1,open_meteo
2023-09-11,27.6,19.6,1.6,1,open_meteo
2023-09-12,28.8,20.0,2.5,1,open_meteo
2023-09-13,28.9,19.2,4.1,1,open_meteo
2023-09-14,28.8,19.1,0.6,1,open_meteo
2023-09-15,28.8,19.7,3.5,1,open_meteo
2023-09-16,28.6,20.0,5.8,1,open_meteo
2023-09-17,26.8,19.9,7.5,1,open_meteo
2023-09-18,28.8,19.5,4.8,1,open_meteo
2023-09-19,28.7,19.7,1.0,1,open_meteo
2023-09-20,28.7,19.1,0.3,0,open_meteo
2023-09-21,27.0,19.6,0.2,0,open_meteo
2023-09-22,28.6,19.6,6.2,1,open_meteo
2023-09-23,29.0,19.9,6.5,1,open_meteo
2023-09-24,27.1,19.9,7.5,1,open_meteo
2023-09-25,26.9,19.5,1.1,1,open_meteo
2023-09-26,28.4,19.5,1.8,1,open_meteo
2023-09-27,27.9,19.7,11.5,1,open_meteo
2023-09-28,27.1,19.0,9.4,1,open_meteo
2023-09-29,27.5,19.8,5.7,1,open_meteo
2023-09-30,28.2,19.5,2.7,1,open_meteo
2023-10-01,27.5,20.3,1.1,1,open_meteo
2023-10-02,28.1,19.8,0.3,0,open_meteo
2023-10-03,28.2,19.1,0.1,0,open_meteo
2023-10-04,28.2,19.0,0.4,0,open_meteo
2023-10-05,27.5,19.7,2.2,1,open_meteo
2023-10-06,29.5,20.2,1.5,1,open_meteo
2023-10-07,29.3,20.0,0.8,1,open_meteo
2023-10-08,29.7,20.2,14.4,1,open_meteo
2023-10-09,27.8,19.2,19.3,1,open_meteo
2023-10-10,28.7,19.5,1.9,1,open_meteo
2023-10-11,29.2,19.8,1.0,1,open_meteo
2023-10-12,30.0,19.9,0.3,0,open_meteo
2023-10-13,29.4,18.5,0.0,0,open_meteo
2023-10-14,29.2,18.4,0.0,0,open_meteo
2023-10-15,30.7,19.2,0.0,0,open_meteo
2023-10-16,30.0,20.8,0.4,0,open_meteo
2023-10-17,30.0,20.5,0.3,0,open_meteo
2023-10-18,30.4,19.1,0.0,0,open_meteo
2023-10-19,30.8,17.6,0.0,0,open_meteo
2023-10-20,31.1,18.9,0.0,0,open_meteo
2023-10-21,31.4,19.8,0.0,0,open_meteo
2023-10-22,31.6,19.1,0.0,0,open_meteo
2023-10-23,30.4,18.3,0.0,0,open_meteo
2023-10-24,29.9,17.0,0.0,0,open_meteo
2023-10-25,30.0,17.1,0.0,0,open_meteo
2023-10-26,30.0,16.5,0.0,0,open_meteo
2023-10-27,30.7,18.6,0.0,0,open_meteo
2023-10-28,30.9,20.3,0.0,0,open_meteo
2023-10-29,29.5,20.2,6.1,1,open_meteo
2023-10-30,28.7,19.5,4.1,1,open_meteo
2023-10-31,28.8,19.5,1.4,1,open_meteo
2023-11-01,29.4,18.9,1.3,1,open_meteo
2023-11-02,29.6,18.4,0.6,1,open_meteo
2023-11-03,30.0,20.7,2.0,1,open_meteo
2023-11-04,28.0,19.6,4.8,1,open_meteo
2023-11-05,27.8,19.3,22.6,1,open_meteo
2023-11-06,27.8,19.0,26.6,1,open_meteo
2023-11-07,27.1,18.9,9.2,1,open_meteo
2023-11-08,27.4,20.1,13.2,1,open_meteo
2023-11-09,27.2,19.6,6.4,1,open_meteo
2023-11-10,27.3,19.6,0.9,1,open_meteo
2023-11-11,28.1,16.9,0.0,0,open_meteo
2023-11-12,27.6,15.9,0.0,0,open_meteo
2023-11-13,27.2,16.0,0.0,0,open_meteo
2023-11-14,24.1,18.0,0.7,1,open_meteo
2023-11-15,27.4,18.2,1.0,1,open_meteo
2023-11-16,28.8,18.4,0.0,0,open_meteo
2023-11-17,29.7,19.0,0.0,0,open_meteo
2023-11-18,29.4,18.9,0.0,0,open_meteo
2023-11-19,29.2,17.3,0.0,0,open_meteo
2023-11-20,28.7,17.4,0.1,0,open_meteo
2023-11-21,28.4,19.0,3.5,1,open_meteo
2023-11-22,28.2,19.8,1.7,1,open_meteo
2023-11-23,27.1,19.6,5.4,1,open_meteo
2023-11-24,27.2,19.5,3.7,1,open_meteo
2023-11-25,27.5,19.5,1.5,1,open_meteo
2023-11-26,26.8,18.7,0.6,1,open_meteo
2023-11-27,26.5,19.4,1.9,1,open_meteo
2023-11-28,27.7,19.4,0.7,1,open_meteo
2023-11-29,28.2,19.7,0.5,1,open_meteo
2023-11-30,27.9,18.5,0.2,0,open_meteo
2023-12-01,28.0,19.3,2.9,1,open_meteo
2023-12-02,28.2,17.4,1.2,1,open_meteo
2023-12-03,26.5,19.6,2.8,1,open_meteo
2023-12-04,24.0,19.8,0.0,0,open_meteo
2023-12-05,28.5,18.5,0.0,0,open_meteo
2023-12-06,28.4,17.1,0.0,0,open_meteo
2023-12-07,28.9,18.4,0.1,0,open_meteo
2023-12-08,28.4,19.8,1.9,1,open_meteo
2023-12-09,27.1,20.0,1.9,1,open_meteo
2023-12-10,28.3,18.9,0.0,0,open_meteo
2023-12-11,27.8,18.2,0.2,0,open_meteo
2023-12-12,28.1,18.4,0.0,0,open_meteo
2023-12-13,26.6,16.3,0.0,0,open_meteo
2023-12-14,26.2,16.8,0.0,0,open_meteo
2023-12-15,28.4,16.4,0.0,0,open_meteo
2023-12-16,28.6,18.8,0.7,1,open_meteo
2023-12-17,26.5,18.3,0.2,0,open_meteo
2023-12-18,26.6,18.5,0.0,0,open_meteo
2023-12-19,27.0,17.8,0.0,0,open_meteo
2023-12-20,27.0,17.1,0.0,0,open_meteo
2023-12-21,28.5,16.9,0.0,0,open_meteo
2023-12-22,28.5,17.8,0.0,0,open_meteo
2023-12-23,28.3,16.2,0.0,0,open_meteo
2023-12-24,28.9,14.0,0.0,0,open_meteo
2023-12-25,28.5,17.5,0.0,0,open_meteo
2023-12-26,28.0,14.5,0.0,0,open_meteo
2023-12-27,28.2,14.9,0.0,0,open_meteo
2023-12-28,28.0,15.4,0.0,0,open_meteo
2023-12-29,27.9,16.6,0.0,0,open_meteo
2023-12-30,27.8,17.4,0.0,0,open_meteo
2023-12-31,27.9,16.8,0.0,0,open_meteo
2024-01-01,28.4,16.6,0.0,0,open_meteo
2024-01-02,27.6,18.2,0.0,0,open_meteo
2024-01-03,27.4,16.4,0.0,0,open_meteo
2024-01-04,25.5,18.2,2.7,1,open_meteo
2024-01-05,27.0,18.6,0.2,0,open_meteo
2024-01-06,28.7,19.3,1.2,1,open_meteo
2024-01-07,27.8,17.0,0.0,0,open_meteo
2024-01-08,23.5,18.4,2.4,1,open_meteo
2024-01-09,26.6,18.8,1.0,1,open_meteo
2024-01-10,25.0,17.2,0.0,0,open_meteo
2024-01-11,27.8,17.0,0.0,0,open_meteo
2024-01-12,27.3,15.6,0.0,0,open_meteo
2024-01-13,28.5,15.8,0.0,0,open_meteo
2024-01-14,28.4,16.9,0.0,0,open_meteo
2024-01-15,28.2,15.6,0.0,0,open_meteo
2024-01-16,28.3,15.7,0.0,0,open_meteo
2024-01-17,28.4,15.9,0.0,0,open_meteo
2024-01-18,28.9,16.6,0.0,0,open_meteo
2024-01-19,29.4,17.5,0.0,0,open_meteo
2024-01-20,29.2,16.6,0.0,0,open_meteo
2024-01-21,29.2,17.0,0.0,0,open_meteo
2024-01-22,29.2,17.0,0.0,0,open_meteo
2024-01-23,29.1,17.0,0.0,0,open_meteo
2024-01-24,29.7,17.3,0.0,0,open_meteo
2024-01-25,28.6,17.6,0.0,0,open_meteo
2024-01-26,28.3,16.9,0.0,0,open_meteo
2024-01-27,28.4,16.2,0.0,0,open_meteo
2024-01-28,28.4,16.0,0.0,0,open_meteo
2024-01-29,28.2,16.7,0.0,0,open_meteo
2024-01-30,29.2,15.1,0.0,0,open_meteo
2024-01-31,29.6,16.8,0.0,0,open_meteo
2024-02-01,30.0,18.4,0.0,0,open_meteo
2024-02-02,30.6,18.9,0.0,0,open_meteo
2024-02-03,30.4,19.4,0.0,0,open_meteo
2024-02-04,29.7,17.9,0.0,0,open_meteo
2024-02-05,30.6,16.7,0.0,0,open_meteo
2024-02-06,32.2,15.8,0.0,0,open_meteo
2024-02-07,32.6,16.8,0.0,0,open_meteo
2024-02-08,32.9,17.0,0.0,0,open_meteo
2024-02-09,32.3,17.1,0.0,0,open_meteo
2024-02-10,30.8,17.1,0.0,0,open_meteo
2024-02-11,30.5,17.4,0.0,0,open_meteo
2024-02-12,30.8,15.8,0.0,0,open_meteo
2024-02-13,30.7,16.4,0.0,0,open_meteo
2024-02-14,30.7,17.9,0.0,0,open_meteo
2024-02-15,30.8,17.0,0.0,0,open_meteo
2024-02-16,29.8,16.7,0.0,0,open_meteo
2024-02-17,31.3,17.1,0.0,0,open_meteo
2024-02-18,32.1,17.6,0.0,0,open_meteo
2024-02-19,31.0,17.3,0.0,0,open_meteo
2024-02-20,31.6,18.8,0.0,0,open_meteo
2024-02-21,32.1,19.7,0.0,0,open_meteo
2024-02-22,32.4,19.4,0.0,0,open_meteo
2024-02-23,32.7,18.5,0.0,0,open_meteo
2024-02-24,31.8,19.5,0.0,0,open_meteo
2024-02-25,32.1,20.2,0.0,0,open_meteo
2024-02-26,31.2,17.8,0.0,0,open_meteo
2024-02-27,31.1,18.0,0.0,0,open_meteo
2024-02-28,32.6,17.2,0.0,0,open_meteo
2024-02-29,32.2,16.4,0.0,0,open_meteo
2024-03-01,32.4,16.7,0.0,0,open_meteo
2024-03-02,32.5,17.6,0.0,0,open_meteo
2024-03-03,32.7,18.4,0.0,0,open_meteo
2024-03-04,34.4,18.9,0.0,0,open_meteo
2024-03-05,34.3,18.9,0.0,0,open_meteo
2024-03-06,34.5,20.0,0.0,0,open_meteo
2024-03-07,34.5,19.9,0.0,0,open_meteo
2024-03-08,33.6,20.8,0.0,0,open_meteo
2024-03-09,33.4,20.5,0.0,0,open_meteo
2024-03-10,33.3,22.3,0.0,0,open_meteo
2024-03-11,33.9,20.8,0.0,0,open_meteo
2024-03-12,34.2,20.3,0.0,0,open_meteo
2024-03-13,34.6,21.7,0.0,0,open_meteo
2024-03-14,34.1,21.7,0.0,0,open_meteo
2024-03-15,34.8,21.8,0.0,0,open_meteo
2024-03-16,35.5,22.6,0.0,0,open_meteo
2024-03-17,34.6,20.6,0.0,0,open_meteo
2024-03-18,34.8,20.0,0.0,0,open_meteo
2024-03-19,34.4,20.8,0.0,0,open_meteo
2024-03-20,35.2,20.2,0.0,0,open_meteo
2024-03-21,32.7,20.0,0.0,0,open_meteo
2024-03-22,34.1,20.0,0.0,0,open_meteo
2024-03-23,34.6,19.4,0.0,0,open_meteo
2024-03-24,35.0,19.7,0.0,0,open_meteo
2024-03-25,35.5,19.3,0.0,0,open_meteo
2024-03-26,35.5,19.9,0.0,0,open_meteo
2024-03-27,35.0,18.9,0.0,0,open_meteo
2024-03-28,35.3,19.8,0.0,0,open_meteo
2024-03-29,36.0,21.3,0.0,0,open_meteo
2024-03-30,35.7,20.7,0.0,0,open_meteo
2024-03-31,35.5,20.2,0.0,0,open_meteo
2024-04-01,36.1,20.4,0.0,0,open_meteo
2024-04-02,36.8,22.7,0.0,0,open_meteo
2024-04-03,36.7,21.7,0.0,0,open_meteo
2024-04-04,36.5,22.0,0.0,0,open_meteo
2024-04-05,37.5,22.3,0.0,0,open_meteo
2024-04-06,37.4,21.4,0.0,0,open_meteo
2024-04-07,37.1,22.4,0.0,0,open_meteo
2024-04-08,37.0,21.6,0.0,0,open_meteo
2024-04-09,35.4,21.5,0.0,0,open_meteo
2024-04-10,35.6,20.7,0.0,0,open_meteo
2024-04-11,35.7,20.6,0.0,0,open_meteo
2024-04-12,34.7,21.9,0.1,0,open_meteo
2024-04-13,35.0,21.4,0.0,0,open_meteo
2024-04-14,35.3,20.7,0.0,0,open_meteo
2024-04-15,36.0,20.7,0.0,0,open_meteo
2024-04-16,36.3,19.9,0.0,0,open_meteo
2024-04-17,37.6,22.7,0.0,0,open_meteo
2024-04-18,37.8,22.9,0.0,0,open_meteo
2024-04-19,38.1,24.1,0.0,0,open_meteo
2024-04-20,37.2,23.8,0.0,0,open_meteo
2024-04-21,37.1,22.9,0.0,0,open_meteo
2024-04-22,37.7,23.1,0.0,0,open_meteo
2024-04-23,37.3,22.2,0.0,0,open_meteo
2024-04-24,36.9,22.0,0.0,0,open_meteo
2024-04-25,37.5,22.6,0.0,0,open_meteo
2024-04-26,37.2,22.6,0.0,0,open_meteo
2024-04-27,37.7,21.4,0.0,0,open_meteo
2024-04-28,38.6,22.3,0.0,0,open_meteo
2024-04-29,38.0,24.0,0.0,0,open_meteo
2024-04-30,38.6,23.7,0.0,0,open_meteo
2024-05-01,39.5,23.2,0.0,0,open_meteo
2024-05-02,37.9,24.7,0.6,1,open_meteo
2024-05-03,37.5,24.7,0.2,0,open_meteo
2024-05-04,37.9,23.2,0.1,0,open_meteo
2024-05-05,37.7,23.2,0.0,0,open_meteo
2024-05-06,39.3,23.3,0.0,0,open_meteo
2024-05-07,35.9,23.6,0.1,0,open_meteo
2024-05-08,34.0,21.5,6.2,1,open_meteo
2024-05-09,32.8,22.6,4.5,1,open_meteo
2024-05-10,33.0,22.4,6.0,1,open_meteo
2024-05-11,34.0,21.7,0.0,0,open_meteo
2024-05-12,31.8,22.0,5.8,1,open_meteo
2024-05-13,32.7,20.8,4.9,1,open_meteo
2024-05-14,29.2,21.6,16.2,1,open_meteo
2024-05-15,32.2,21.2,1.0,1,open_meteo
2024-05-16,27.2,21.3,2.8,1,open_meteo
2024-05-17,29.3,20.9,15.0,1,open_meteo
2024-05-18,29.3,21.1,19.5,1,open_meteo
2024-05-19,29.3,21.5,9.1,1,open_meteo
2024-05-20,27.6,21.1,25.2,1,open_meteo
2024-05-21,29.8,21.4,10.5,1,open_meteo
2024-05-22,29.8,21.2,12.9,1,open_meteo
2024-05-23,31.5,20.5,0.7,1,open_meteo
2024-05-24,29.8,21.8,3.5,1,open_meteo
2024-05-25,29.7,22.0,0.5,1,open_meteo
2024-05-26,29.2,21.7,2.4,1,open_meteo
2024-05-27,30.6,20.7,0.0,0,open_meteo
2024-05-28,32.2,21.4,0.0,0,open_meteo
2024-05-29,32.1,20.5,0.2,0,open_meteo
2024-05-30,32.2,21.4,2.4,1,open_meteo
2024-05-31,32.2,21.6,1.2,1,open_meteo
2024-06-01,32.2,22.4,28.0,1,open_meteo
2024-06-02,30.9,22.5,10.3,1,open_meteo
2024-06-03,28.4,22.1,0.6,1,open_meteo
2024-06-04,29.4,21.3,7.1,1,open_meteo
2024-06-05,27.6,20.9,20.8,1,open_meteo
2024-06-06,28.1,21.5,8.4,1,open_meteo
2024-06-07,27.1,21.3,7.2,1,open_meteo
2024-06-08,28.8,20.7,1.9,1,open_meteo
2024-06-09,27.1,20.5,3.3,1,open_meteo
2024-06-10,27.6,20.6,2.2,1,open_meteo
2024-06-11,28.8,21.1,0.6,1,open_meteo
2024-06-12,27.7,20.7,6.9,1,open_meteo
2024-06-13,28.7,20.0,3.1,1,open_meteo
2024-06-14,28.6,20.3,0.0,0,open_meteo
2024-06-15,29.9,19.4,0.0,0,open_meteo
2024-06-16,29.3,19.6,1.0,1,open_meteo
2024-06-17,29.8,20.3,0.6,1,open_meteo
2024-06-18,29.2,20.3,4.4,1,open_meteo
2024-06-19,29.2,20.2,5.4,1,open_meteo
2024-06-20,28.3,20.4,0.6,1,open_meteo
2024-06-21,28.8,19.7,3.3,1,open_meteo
2024-06-22,28.0,20.1,1.9,1,open_meteo
2024-06-23,28.3,20.2,1.6,1,open_meteo
2024-06-24,29.8,20.5,4.1,1,open_meteo
2024-06-25,27.4,20.8,1.6,1,open_meteo
2024-06-26,28.0,20.8,2.2,1,open_meteo
2024-06-27,25.7,21.0,6.1,1,open_meteo
2024-06-28,29.1,20.1,0.8,1,open_meteo
2024-06-29,29.8,19.8,1.0,1,open_meteo
2024-06-30,28.4,20.2,1.4,1,open_meteo
2024-07-01,27.6,20.5,9.0,1,open_meteo
2024-07-02,29.4,20.1,0.1,0,open_meteo
2024-07-03,29.3,20.0,10.4,1,open_meteo
2024-07-04,26.8,20.0,3.8,1,open_meteo
2024-07-05,29.8,20.2,6.9,1,open_meteo
2024-07-06,26.6,20.0,5.9,1,open_meteo
2024-07-07,28.7,20.1,1.0,1,open_meteo
2024-07-08,27.9,20.4,5.6,1,open_meteo
2024-07-09,28.7,19.7,2.9,1,open_meteo
2024-07-10,29.3,19.4,1.5,1,open_meteo
2024-07-11,26.9,20.2,3.7,1,open_meteo
2024-07-12,29.2,19.7,17.4,1,open_meteo
2024-07-13,25.8,20.5,1.2,1,open_meteo
2024-07-14,26.5,20.6,1.5,1,open_meteo
2024-07-15,26.4,20.3,16.8,1,open_meteo
2024-07-16,24.4,20.3,16.2,1,open_meteo
2024-07-17,25.8,20.0,5.2,1,open_meteo
2024-07-18,26.0,20.5,9.3,1,open_meteo
2024-07-19,22.3,20.2,14.5,1,open_meteo
2024-07-20,25.2,19.8,2.8,1,open_meteo
2024-07-21,27.2,20.5,1.1,1,open_meteo
2024-07-22,27.7,20.5,1.4,1,open_meteo
2024-07-23,27.2,20.9,2.2,1,open_meteo
2024-07-24,27.2,20.6,1.5,1,open_meteo
2024-07-25,26.9,20.6,2.3,1,open_meteo
2024-07-26,26.8,21.0,2.2,1,open_meteo
2024-07-27,27.4,20.8,0.6,1,open_meteo
2024-07-28,27.3,20.3,0.2,0,open_meteo
2024-07-29,28.4,20.6,3.7,1,open_meteo
2024-07-30,22.8,20.3,11.7,1,open_meteo
2024-07-31,26.3,20.1,10.6,1,open_meteo
2024-08-01,27.9,20.3,3.4,1,open_meteo
2024-08-02,26.8,20.3,4.3,1,open_meteo
2024-08-03,27.4,19.5,7.6,1,open_meteo
2024-08-04,28.2,19.8,2.0,1,open_meteo
2024-08-05,27.7,19.1,1.2,1,open_meteo
2024-08-06,25.4,20.1,8.6,1,open_meteo
2024-08-07,25.0,20.3,5.2,1,open_meteo
2024-08-08,27.1,19.5,16.1,1,open_meteo
2024-08-09,28.0,19.7,12.4,1,open_meteo
2024-08-10,26.6,20.3,19.2,1,open_meteo
2024-08-11,27.9,20.2,3.0,1,open_meteo
2024-08-12,28.9,20.3,2.4,1,open_meteo
2024-08-13,28.7,20.3,12.7,1,open_meteo
2024-08-14,28.5,20.3,1.5,1,open_meteo
2024-08-15,28.8,21.7,2.0,1,open_meteo
2024-08-16,28.7,20.5,13.3,1,open_meteo
2024-08-17,28.9,19.5,3.7,1,open_meteo
2024-08-18,29.0,19.2,0.1,0,open_meteo
2024-08-19,28.0,20.7,17.4,1,open_meteo
2024-08-20,28.7,19.9,19.7,1,open_meteo
2024-08-21,27.4,20.6,1.2,1,open_meteo
2024-08-22,27.4,19.6,0.4,0,open_meteo
2024-08-23,27.4,19.1,0.1,0,open_meteo
2024-08-24,27.3,19.6,3.8,1,open_meteo
2024-08-25,27.1,19.8,0.9,1,open_meteo
2024-08-26,28.2,19.4,1.2,1,open_meteo
2024-08-27,26.7,19.8,1.7,1,open_meteo
2024-08-28,26.7,19.7,1.4,1,open_meteo
2024-08-29,27.2,19.4,9.4,1,open_meteo
2024-08-30,25.9,19.8,3.9,1,open_meteo
2024-08-31,23.8,19.7,4.6,1,open_meteo
2024-09-01,27.0,20.2,5.3,1,open_meteo
2024-09-02,27.5,20.4,4.1,1,open_meteo
2024-09-03,27.7,20.0,1.4,1,open_meteo
2024-09-04,27.8,19.8,0.5,1,open_meteo
2024-09-05,27.8,19.9,0.5,1,open_meteo
2024-09-06,27.1,19.8,1.6,1,open_meteo
2024-09-07,27.6,19.7,11.9,1,open_meteo
2024-09-08,25.7,20.2,2.6,1,open_meteo
2024-09-09,28.4,20.2,6.0,1,open_meteo
2024-09-10,28.4,19.8,1.9,1,open_meteo
2024-09-11,28.8,19.5,0.7,1,open_meteo
2024-09-12,29.1,19.5,0.7,1,open_meteo
2024-09-13,28.5,18.5,0.0,0,open_meteo
2024-09-14,28.4,18.8,0.9,1,open_meteo
2024-09-15,28.5,18.4,0.6,1,open_meteo
2024-09-16,28.4,17.6,0.7,1,open_meteo
2024-09-17,28.3,18.6,0.4,0,open_meteo
2024-09-18,28.4,17.9,0.0,0,open_meteo
2024-09-19,28.9,17.4,0.6,1,open_meteo
2024-09-20,28.9,19.6,0.1,0,open_meteo
2024-09-21,29.3,19.1,0.1,0,open_meteo
2024-09-22,29.1,19.5,1.4,1,open_meteo
2024-09-23,29.4,20.1,5.3,1,open_meteo
2024-09-24,28.6,20.6,4.4,1,open_meteo
2024-09-25,28.8,20.4,2.5,1,open_meteo
2024-09-26,28.8,19.6,0.6,1,open_meteo
2024-09-27,28.8,19.4,1.5,1,open_meteo
2024-09-28,28.5,19.7,3.0,1,open_meteo
2024-09-29,28.5,20.3,5.5,1,open_meteo
2024-09-30,30.2,20.5,0.1,0,open_meteo
2024-10-01,30.6,19.8,0.4,0,open_meteo
2024-10-02,29.9,20.4,9.8,1,open_meteo
2024-10-03,28.4,20.0,4.2,1,open_meteo
2024-10-04,28.6,19.9,7.2,1,open_meteo
2024-10-05,26.9,20.1,11.3,1,open_meteo
2024-10-06,27.4,19.6,0.5,1,open_meteo
2024-10-07,28.9,19.2,0.9,1,open_meteo
2024-10-08,27.9,20.0,10.7,1,open_meteo
2024-10-09,28.1,20.3,5.2,1,open_meteo
2024-10-10,27.6,19.9,6.5,1,open_meteo
2024-10-11,27.9,19.9,4.9,1,open_meteo
2024-10-12,28.1,20.3,7.2,1,open_meteo
2024-10-13,27.9,20.4,1.8,1,open_meteo
2024-10-14,23.4,19.3,14.4,1,open_meteo
2024-10-15,23.2,19.8,31.5,1,open_meteo
2024-10-16,22.9,19.3,13.3,1,open_meteo
2024-10-17,27.0,19.8,0.8,1,open_meteo
2024-10-18,27.6,19.6,8.4,1,open_meteo
2024-10-19,24.7,18.9,8.5,1,open_meteo
2024-10-20,26.4,19.4,21.1,1,open_meteo
2024-10-21,26.8,19.7,17.8,1,open_meteo
2024-10-22,27.6,18.4,27.3,1,open_meteo
2024-10-23,27.6,19.2,20.1,1,open_meteo
2024-10-24,26.2,19.1,1.1,1,open_meteo
2024-10-25,27.0,17.4,0.0,0,open_meteo
2024-10-26,26.7,17.1,0.0,0,open_meteo
2024-10-27,26.7,15.5,0.0,0,open_meteo
2024-10-28,27.2,16.5,0.0,0,open_meteo
2024-10-29,27.7,17.5,0.4,0,open_meteo
2024-10-30,27.3,17.8,1.1,1,open_meteo
2024-10-31,27.8,18.4,4.0,1,open_meteo
2024-11-01,26.9,19.8,8.2,1,open_meteo
2024-11-02,27.7,18.8,1.2,1,open_meteo
2024-11-03,27.7,19.5,0.7,1,open_meteo
2024-11-04,27.1,19.6,1.0,1,open_meteo
2024-11-05,27.1,17.2,0.0,0,open_meteo
2024-11-06,27.8,16.3,0.1,0,open_meteo
2024-11-07,27.4,19.1,1.3,1,open_meteo
2024-11-08,29.0,18.3,0.0,0,open_meteo
2024-11-09,27.8,18.1,0.0,0,open_meteo
2024-11-10,27.0,17.5,0.4,0,open_meteo
2024-11-11,27.8,17.3,0.0,0,open_meteo
2024-11-12,27.0,19.0,0.9,1,open_meteo
2024-11-13,27.0,19.9,9.9,1,open_meteo
2024-11-14,25.7,19.9,6.0,1,open_meteo
2024-11-15,27.0,19.9,10.0,1,open_meteo
2024-11-16,26.3,19.6,3.4,1,open_meteo
2024-11-17,27.4,19.8,0.5,1,open_meteo
2024-11-18,26.9,19.0,0.1,0,open_meteo
2024-11-19,27.3,18.6,0.0,0,open_meteo
2024-11-20,28.1,17.6,0.0,0,open_meteo
2024-11-21,27.5,17.2,0.0,0,open_meteo
2024-11-22,27.9,16.4,0.0,0,open_meteo
2024-11-23,28.7,16.7,0.0,0,open_meteo
2024-11-24,29.2,17.3,0.0,0,open_meteo
2024-11-25,27.8,17.2,0.0,0,open_meteo
2024-11-26,26.2,18.1,0.0,0,open_meteo
2024-11-27,26.4,18.9,0.0,0,open_meteo
2024-11-28,26.9,17.6,0.0,0,open_meteo
2024-11-29,25.4,18.2,0.8,1,open_meteo
2024-11-30,23.6,19.1,0.3,0,open_meteo
2024-12-01,24.5,19.9,8.0,1,open_meteo
2024-12-02,23.3,20.4,35.0,1,open_meteo
2024-12-03,26.1,20.0,4.7,1,open_meteo
2024-12-04,25.9,18.8,0.0,0,open_meteo
2024-12-05,26.2,19.9,0.8,1,open_meteo
2024-12-06,26.7,19.5,0.0,0,open_meteo
2024-12-07,27.0,19.3,0.6,1,open_meteo
2024-12-08,26.8,18.5,0.0,0,open_meteo
2024-12-09,27.5,18.4,0.1,0,open_meteo
2024-12-10,27.9,18.6,0.0,0,open_meteo
2024-12-11,26.4,18.3,0.0,0,open_meteo
2024-12-12,22.0,19.0,21.2,1,open_meteo
2024-12-13,24.4,19.7,1.3,1,open_meteo
2024-12-14,26.1,17.6,0.0,0,open_meteo
2024-12-15,24.3,15.0,0.0,0,open_meteo
2024-12-16,24.9,15.1,0.0,0,open_meteo
2024-12-17,27.1,14.5,0.0,0,open_meteo
2024-12-18,25.9,17.1,0.3,0,open_meteo
2024-12-19,28.1,19.1,0.3,0,open_meteo
2024-12-20,27.9,18.8,0.1,0,open_meteo
2024-12-21,29.1,18.0,0.0,0,open_meteo
2024-12-22,28.1,17.9,0.0,0,open_meteo
2024-12-23,27.0,18.4,0.0,0,open_meteo
2024-12-24,27.2,17.6,0.0,0,open_meteo
2024-12-25,27.9,17.3,0.0,0,open_meteo
2024-12-26,26.2,18.5,3.6,1,open_meteo
2024-12-27,25.4,18.5,1.7,1,open_meteo
2024-12-28,26.2,17.5,0.0,0,open_meteo
2024-12-29,26.9,16.9,0.0,0,open_meteo
2024-12-30,25.7,16.7,0.0,0,open_meteo
2024-12-31,27.5,17.0,0.0,0,open_meteo
2025-01-01,26.6,16.0,0.0,0,open_meteo
2025-01-02,26.4,16.2,0.0,0,open_meteo
2025-01-03,25.9,16.4,0.0,0,open_meteo
2025-01-04,25.8,14.2,0.0,0,open_meteo
2025-01-05,26.5,14.9,0.0,0,open_meteo
2025-01-06,26.2,15.8,0.0,0,open_meteo
2025-01-07,27.3,15.3,0.0,0,open_meteo
2025-01-08,27.1,16.4,0.0,0,open_meteo
2025-01-09,25.9,14.6,0.0,0,open_meteo
2025-01-10,26.9,16.0,0.0,0,open_meteo
2025-01-11,27.7,17.7,0.0,0,open_meteo
2025-01-12,28.7,17.2,0.0,0,open_meteo
2025-01-13,28.2,19.0,0.8,1,open_meteo
2025-01-14,27.5,18.6,0.1,0,open_meteo
2025-01-15,25.5,16.8,0.2,0,open_meteo
2025-01-16,26.7,16.1,0.0,0,open_meteo
2025-01-17,26.7,16.2,0.0,0,open_meteo
2025-01-18,27.3,15.8,0.0,0,open_meteo
2025-01-19,22.9,18.3,6.0,1,open_meteo
2025-01-20,27.3,17.9,0.0,0,open_meteo
2025-01-21,27.8,15.7,0.0,0,open_meteo
2025-01-22,28.6,15.4,0.0,0,open_meteo
2025-01-23,29.7,16.7,0.0,0,open_meteo
2025-01-24,27.7,16.3,0.0,0,open_meteo
2025-01-25,29.0,14.9,0.0,0,open_meteo
2025-01-26,29.1,15.1,0.0,0,open_meteo
2025-01-27,28.2,15.0,0.0,0,open_meteo
2025-01-28,28.1,15.5,0.0,0,open_meteo
2025-01-29,29.4,15.2,0.0,0,open_meteo
2025-01-30,29.3,16.1,0.0,0,open_meteo
2025-01-31,30.5,18.5,0.0,0,open_meteo
2025-02-01,30.5,19.4,0.0,0,open_meteo
2025-02-02,31.0,17.5,0.0,0,open_meteo
2025-02-03,30.3,16.8,0.0,0,open_meteo
2025-02-04,30.7,17.0,0.0,0,open_meteo
2025-02-05,30.4,18.2,0.0,0,open_meteo
2025-02-06,29.7,17.4,0.0,0,open_meteo
2025-02-07,30.1,17.3,0.0,0,open_meteo
2025-02-08,29.9,17.6,0.0,0,open_meteo
2025-02-09,29.6,18.0,0.0,0,open_meteo
2025-02-10,28.9,17.1,0.0,0,open_meteo
2025-02-11,30.7,16.6,0.0,0,open_meteo
2025-02-12,31.6,17.0,0.0,0,open_meteo
2025-02-13,31.9,17.8,0.0,0,open_meteo
2025-02-14,32.1,18.4,0.0,0,open_meteo
2025-02-15,31.3,19.2,0.0,0,open_meteo
2025-02-16,31.9,18.8,0.0,0,open_meteo
2025-02-17,31.8,18.3,0.0,0,open_meteo
2025-02-18,31.7,18.3,0.0,0,open_meteo
2025-02-19,32.9,18.9,0.0,0,open_meteo
2025-02-20,32.7,19.5,0.0,0,open_meteo
2025-02-21,32.3,18.5,0.0,0,open_meteo
2025-02-22,32.2,18.5,0.0,0,open_meteo
2025-02-23,31.9,19.8,0.0,0,open_meteo
2025-02-24,30.5,19.2,0.0,0,open_meteo
2025-02-25,30.1,17.5,0.0,0,open_meteo
2025-02-26,30.7,18.6,0.0,0,open_meteo
2025-02-27,30.9,17.9,0.0,0,open_meteo
2025-02-28,31.4,17.7,0.0,0,open_meteo
2025-03-01,31.4,18.7,0.0,0,open_meteo
2025-03-02,32.2,19.6,0.0,0,open_meteo
2025-03-03,33.1,20.2,0.0,0,open_meteo
2025-03-04,33.1,21.6,0.0,0,open_meteo
2025-03-05,33.2,21.7,0.0,0,open_meteo
2025-03-06,33.3,21.9,0.0,0,open_meteo
2025-03-07,34.0,20.3,0.0,0,open_meteo
2025-03-08,34.2,19.7,0.0,0,open_meteo
2025-03-09,33.7,20.1,0.0,0,open_meteo
2025-03-10,31.6,17.8,0.0,0,open_meteo
2025-03-11,31.2,18.2,2.5,1,open_meteo
2025-03-12,30.7,20.0,2.3,1,open_meteo
2025-03-13,34.0,18.7,0.0,0,open_meteo
2025-03-14,34.4,19.7,0.0,0,open_meteo
2025-03-15,33.7,20.4,0.0,0,open_meteo
2025-03-16,33.4,19.8,0.0,0,open_meteo
2025-03-17,35.1,21.4,0.0,0,open_meteo
2025-03-18,34.8,21.4,0.0,0,open_meteo
2025-03-19,33.8,21.6,0.0,0,open_meteo
2025-03-20,33.1,20.2,0.0,0,open_meteo
2025-03-21,34.0,20.0,0.0,0,open_meteo
2025-03-22,33.2,21.5,23.8,1,open_meteo
2025-03-23,29.7,20.2,0.1,0,open_meteo
2025-03-24,30.7,19.8,0.0,0,open_meteo
2025-03-25,31.2,20.1,0.0,0,open_meteo
2025-03-26,33.6,19.6,0.0,0,open_meteo
2025-03-27,33.9,20.6,0.0,0,open_meteo
2025-03-28,35.2,21.8,0.0,0,open_meteo
2025-03-29,34.9,22.2,0.0,0,open_meteo
2025-03-30,34.4,22.0,0.0,0,open_meteo
2025-03-31,34.4,21.5,0.0,0,open_meteo
2025-04-01,33.3,19.6,0.0,0,open_meteo
2025-04-02,32.6,20.4,0.1,0,open_meteo
2025-04-03,32.7,20.6,8.0,1,open_meteo
2025-04-04,29.1,19.9,3.0,1,open_meteo
2025-04-05,31.1,19.5,0.0,0,open_meteo
2025-04-06,32.9,20.9,0.0,0,open_meteo
2025-04-07,34.8,21.0,0.0,0,open_meteo
2025-04-08,34.4,20.3,0.0,0,open_meteo
2025-04-09,33.3,20.6,0.0,0,open_meteo
2025-04-10,33.2,20.8,0.0,0,open_meteo
2025-04-11,34.1,20.7,4.7,1,open_meteo
2025-04-12,33.5,20.6,1.5,1,open_meteo
2025-04-13,32.1,21.1,0.3,0,open_meteo
2025-04-14,33.7,21.4,0.7,1,open_meteo
2025-04-15,33.6,20.7,0.0,0,open_meteo
2025-04-16,34.0,21.7,10.8,1,open_meteo
2025-04-17,33.3,21.1,0.1,0,open_meteo
2025-04-18,33.6,21.3,1.1,1,open_meteo
2025-04-19,32.9,21.0,0.0,0,open_meteo
2025-04-20,34.4,21.1,0.1,0,open_meteo
2025-04-21,34.2,20.9,0.0,0,open_meteo
2025-04-22,34.6,21.9,0.0,0,open_meteo
2025-04-23,35.5,21.7,0.0,0,open_meteo
2025-04-24,36.2,21.1,0.0,0,open_meteo
2025-04-25,35.6,21.8,0.0,0,open_meteo
2025-04-26,34.3,22.5,0.0,0,open_meteo
2025-04-27,34.3,21.9,0.0,0,open_meteo
2025-04-28,33.4,21.9,0.0,0,open_meteo
2025-04-29,34.3,22.1,0.2,0,open_meteo
2025-04-30,34.7,22.4,1.0,1,open_meteo
2025-05-01,34.6,23.1,1.3,1,open_meteo
2025-05-02,33.7,21.8,2.9,1,open_meteo
2025-05-03,34.5,21.3,9.3,1,open_meteo
2025-05-04,33.7,21.3,0.3,0,open_meteo
2025-05-05,35.3,21.8,0.0,0,open_meteo
2025-05-06,34.0,21.0,0.0,0,open_meteo
2025-05-07,33.5,20.8,0.0,0,open_meteo
2025-05-08,32.8,21.8,0.0,0,open_meteo
2025-05-09,32.4,20.8,0.1,0,open_meteo
2025-05-10,31.6,21.5,0.7,1,open_meteo
2025-05-11,32.1,21.0,8.0,1,open_meteo
2025-05-12,31.2,20.9,1.2,1,open_meteo
2025-05-13,33.5,20.7,4.7,1,open_meteo
2025-05-14,32.4,20.8,1.6,1,open_meteo
2025-05-15,33.1,21.1,1.8,1,open_meteo
2025-05-16,30.9,21.3,3.6,1,open_meteo
2025-05-17,29.4,21.1,22.6,1,open_meteo
2025-05-18,29.1,20.5,16.5,1,open_meteo
2025-05-19,28.3,21.1,14.9,1,open_meteo
2025-05-20,27.4,20.8,15.2,1,open_meteo
2025-05-21,26.5,20.5,7.9,1,open_meteo
2025-05-22,28.6,19.3,0.1,0,open_meteo
2025-05-23,28.1,20.5,3.1,1,open_meteo
2025-05-24,25.5,20.8,5.5,1,open_meteo
2025-05-25,26.9,20.3,7.6,1,open_meteo
2025-05-26,25.5,20.1,15.2,1,open_meteo
2025-05-27,26.3,20.4,3.2,1,open_meteo
2025-05-28,26.4,20.9,3.3,1,open_meteo
2025-05-29,26.0,20.7,6.4,1,open_meteo
2025-05-30,24.2,20.5,2.2,1,open_meteo
2025-05-31,29.5,21.0,0.1,0,open_meteo
2025-06-01,29.6,19.7,0.0,0,open_meteo
2025-06-02,28.9,19.5,1.5,1,open_meteo
2025-06-03,28.8,19.9,1.8,1,open_meteo
2025-06-04,29.3,19.4,0.5,1,open_meteo
2025-06-05,30.2,19.4,0.0,0,open_meteo
2025-06-06,31.6,20.0,0.2,0,open_meteo
2025-06-07,30.9,20.2,0.3,0,open_meteo
2025-06-08,31.8,20.2,2.9,1,open_meteo
2025-06-09,28.8,20.3,11.9,1,open_meteo
2025-06-10,29.8,20.1,5.0,1,open_meteo
2025-06-11,27.8,20.4,7.0,1,open_meteo
2025-06-12,27.6,20.3,2.3,1,open_meteo
2025-06-13,26.2,20.4,3.9,1,open_meteo
2025-06-14,27.0,20.0,5.7,1,open_meteo
2025-06-15,24.3,20.5,4.0,1,open_meteo
2025-06-16,25.9,20.1,8.8,1,open_meteo
2025-06-17,26.2,20.1,6.6,1,open_meteo
2025-06-18,27.7,19.9,1.0,1,open_meteo
2025-06-19,28.7,20.0,0.0,0,open_meteo
2025-06-20,28.7,19.8,0.5,1,open_meteo
2025-06-21,28.2,19.7,0.2,0,open_meteo
2025-06-22,29.0,20.1,1.5,1,open_meteo
2025-06-23,26.9,19.9,1.1,1,open_meteo
2025-06-24,27.0,20.6,0.9,1,open_meteo
2025-06-25,27.4,20.2,8.6,1,open_meteo
2025-06-26,28.0,20.6,2.6,1,open_meteo
2025-06-27,27.9,19.5,0.6,1,open_meteo
2025-06-28,29.4,20.4,5.0,1,open_meteo
2025-06-29,29.3,20.0,0.2,0,open_meteo
2025-06-30,29.4,19.2,1.0,1,open_meteo
2025-07-01,28.5,20.1,0.1,0,open_meteo
2025-07-02,28.4,20.1,8.9,1,open_meteo
2025-07-03,25.2,19.7,5.5,1,open_meteo
2025-07-04,28.0,20.0,1.6,1,open_meteo
2025-07-05,28.3,20.4,2.8,1,open_meteo
2025-07-06,27.3,20.2,2.0,1,open_meteo
2025-07-07,28.0,20.3,0.8,1,open_meteo
2025-07-08,30.1,19.9,0.4,0,open_meteo
2025-07-09,29.0,19.7,1.5,1,open_meteo
2025-07-10,29.5,20.1,5.3,1,open_meteo
2025-07-11,28.6,19.9,5.0,1,open_meteo
2025-07-12,27.8,20.0,0.8,1,open_meteo
2025-07-13,28.2,19.7,7.6,1,open_meteo
2025-07-14,26.5,19.6,8.8,1,open_meteo
2025-07-15,27.1,20.2,2.8,1,open_meteo
2025-07-16,28.0,19.7,13.8,1,open_meteo
2025-07-17,27.6,20.1,13.9,1,open_meteo
2025-07-18,27.6,19.7,11.4,1,open_meteo
2025-07-19,26.2,19.8,21.1,1,open_meteo
2025-07-20,26.5,19.6,16.0,1,open_meteo
2025-07-21,26.6,19.5,17.5,1,open_meteo
2025-07-22,25.3,19.8,9.1,1,open_meteo
2025-07-23,25.5,19.8,7.0,1,open_meteo
2025-07-24,25.1,19.9,3.8,1,open_meteo
2025-07-25,25.7,19.8,9.2,1,open_meteo
2025-07-26,26.2,20.3,8.8,1,open_meteo
2025-07-27,25.8,19.8,1.7,1,open_meteo
2025-07-28,26.5,18.9,0.5,1,open_meteo
2025-07-29,27.2,18.8,1.1,1,open_meteo
2025-07-30,27.9,19.2,0.4,0,open_meteo
2025-07-31,27.1,19.4,1.1,1,open_meteo
2025-08-01,28.2,19.4,1.4,1,open_meteo
2025-08-02,28.5,19.5,1.2,1,open_meteo
2025-08-03,28.6,19.5,5.5,1,open_meteo
2025-08-04,28.8,19.6,2.6,1,open_meteo
2025-08-05,27.2,20.1,15.3,1,open_meteo
2025-08-06,27.9,19.7,1.4,1,open_meteo
2025-08-07,28.0,19.9,2.1,1,open_meteo
2025-08-08,27.3,20.3,6.3,1,open_meteo
2025-08-09,26.5,20.0,7.5,1,open_meteo
2025-08-10,26.5,19.9,12.9,1,open_meteo
2025-08-11,25.1,19.2,7.5,1,open_meteo
2025-08-12,25.5,19.2,5.9,1,open_meteo
2025-08-13,23.2,19.2,15.1,1,open_meteo
2025-08-14,24.7,18.9,5.1,1,open_meteo
2025-08-15,26.1,19.0,8.2,1,open_meteo
2025-08-16,26.7,19.7,5.9,1,open_meteo
2025-08-17,25.5,19.7,17.4,1,open_meteo
2025-08-18,22.7,19.3,6.9,1,open_meteo
2025-08-19,25.1,19.0,0.3,0,open_meteo
2025-08-20,27.2,19.1,1.3,1,open_meteo
2025-08-21,26.9,18.3,0.2,0,open_meteo
2025-08-22,27.0,19.2,4.6,1,open_meteo
2025-08-23,27.3,19.7,0.2,0,open_meteo
2025-08-24,28.0,18.8,0.3,0,open_meteo
2025-08-25,27.1,17.8,0.0,0,open_meteo
2025-08-26,28.4,18.5,1.6,1,open_meteo
2025-08-27,26.7,19.3,15.4,1,open_meteo
2025-08-28,25.8,19.6,8.7,1,open_meteo
2025-08-29,25.4,19.6,0.9,1,open_meteo
2025-08-30,27.8,19.6,4.0,1,open_meteo
2025-08-31,26.9,19.6,10.0,1,open_meteo
2025-09-01,26.6,19.8,4.3,1,open_meteo
2025-09-02,27.2,18.8,6.0,1,open_meteo
2025-09-03,25.5,19.6,5.5,1,open_meteo
2025-09-04,26.0,19.3,2.8,1,open_meteo
2025-09-05,26.8,19.1,1.3,1,open_meteo
2025-09-06,27.0,19.4,3.3,1,open_meteo
2025-09-07,27.7,19.6,1.8,1,open_meteo
2025-09-08,28.0,18.8,1.0,1,open_meteo
2025-09-09,28.2,19.1,1.5,1,open_meteo
2025-09-10,27.6,19.5,8.8,1,open_meteo
2025-09-11,26.3,19.3,0.4,0,open_meteo
2025-09-12,27.2,19.6,0.4,0,open_meteo
2025-09-13,28.1,18.9,1.2,1,open_meteo
2025-09-14,27.8,18.8,0.0,0,open_meteo
2025-09-15,28.4,19.1,2.0,1,open_meteo
2025-09-16,27.6,19.8,4.7,1,open_meteo
2025-09-17,25.7,19.7,10.7,1,open_meteo
2025-09-18,27.3,19.8,16.5,1,open_meteo
2025-09-19,24.3,19.3,6.8,1,open_meteo
2025-09-20,26.7,19.3,16.2,1,open_meteo
2025-09-21,27.0,18.9,3.5,1,open_meteo
2025-09-22,27.1,19.2,1.4,1,open_meteo
2025-09-23,25.3,19.8,8.4,1,open_meteo
2025-09-24,25.4,18.9,3.5,1,open_meteo
2025-09-25,27.1,18.9,8.5,1,open_meteo
2025-09-26,26.9,18.8,1.1,1,open_meteo
2025-09-27,26.6,19.4,2.8,1,open_meteo
2025-09-28,28.0,19.3,1.4,1,open_meteo
2025-09-29,28.3,19.6,0.4,0,open_meteo
2025-09-30,28.2,17.9,0.1,0,open_meteo
2025-10-01,29.2,19.4,2.4,1,open_meteo
2025-10-02,28.0,19.9,3.1,1,open_meteo
2025-10-03,29.6,19.4,10.9,1,open_meteo
2025-10-04,26.3,20.7,6.9,1,open_meteo
2025-10-05,28.6,18.3,2.1,1,open_meteo
2025-10-06,27.2,19.6,5.1,1,open_meteo
2025-10-07,28.7,18.9,0.8,1,open_meteo
2025-10-08,27.8,20.5,5.2,1,open_meteo
2025-10-09,27.5,19.1,35.4,1,open_meteo
2025-10-10,27.0,18.9,19.3,1,open_meteo
2025-10-11,27.0,19.3,9.1,1,open_meteo
2025-10-12,27.8,18.8,0.0,0,open_meteo
2025-10-13,27.8,18.9,0.0,0,open_meteo
2025-10-14,28.0,19.8,3.1,1,open_meteo
2025-10-15,26.7,20.2,4.8,1,open_meteo
2025-10-16,27.1,20.4,3.8,1,open_meteo
2025-10-17,26.3,19.6,5.1,1,open_meteo
2025-10-18,27.3,20.0,13.0,1,open_meteo
2025-10-19,27.3,19.1,22.4,1,open_meteo
2025-10-20,27.1,20.1,4.7,1,open_meteo
2025-10-21,25.4,20.0,6.0,1,open_meteo
2025-10-22,24.6,20.3,25.3,1,open_meteo
2025-10-23,25.7,19.8,1.6,1,open_meteo
2025-10-24,25.2,19.4,0.1,0,open_meteo
2025-10-25,26.6,19.6,0.0,0,open_meteo
2025-10-26,27.7,19.9,0.4,0,open_meteo
2025-10-27,23.9,19.4,2.5,1,open_meteo
2025-10-28,24.0,19.9,2.6,1,open_meteo
2025-10-29,26.8,19.4,0.1,0,open_meteo
2025-10-30,26.9,18.2,0.0,0,open_meteo
2025-10-31,27.3,18.0,0.0,0,open_meteo
2025-11-01,28.4,17.9,0.0,0,open_meteo
2025-11-02,27.8,17.7,0.0,0,open_meteo
2025-11-03,28.0,18.5,0.0,0,open_meteo
2025-11-04,27.1,18.5,0.1,0,open_meteo
2025-11-05,27.4,19.5,4.5,1,open_meteo
2025-11-06,26.5,19.1,1.9,1,open_meteo
2025-11-07,27.5,18.7,0.6,1,open_meteo
2025-11-08,27.3,18.6,0.0,0,open_meteo
2025-11-09,26.6,17.2,0.0,0,open_meteo
2025-11-10,28.8,17.2,0.0,0,open_meteo
2025-11-11,27.5,18.1,0.0,0,open_meteo
2025-11-12,27.9,19.0,0.1,0,open_meteo
2025-11-13,28.1,19.4,0.6,1,open_meteo
2025-11-14,27.9,19.1,0.0,0,open_meteo
2025-11-15,26.7,16.3,0.0,0,open_meteo
2025-11-16,26.3,17.5,0.0,0,open_meteo
2025-11-17,26.5,17.1,0.0,0,open_meteo
2025-11-18,24.6,18.2,5.8,1,open_meteo
2025-11-19,26.6,18.3,0.4,0,open_meteo
2025-11-20,27.8,18.2,0.0,0,open_meteo
2025-11-21,27.2,18.1,0.6,1,open_meteo
2025-11-22,26.9,19.6,1.5,1,open_meteo
2025-11-23,26.5,19.4,0.4,0,open_meteo
2025-11-24,26.8,19.2,0.0,0,open_meteo
2025-11-25,26.5,18.0,0.0,0,open_meteo
2025-11-26,26.6,17.0,0.0,0,open_meteo
2025-11-27,25.2,16.5,0.0,0,open_meteo
2025-11-28,24.8,15.8,0.0,0,open_meteo
2025-11-29,22.2,16.2,0.1,0,open_meteo
2025-11-30,21.4,18.3,6.3,1,open_meteo
2025-12-01,23.9,18.7,0.1,0,open_meteo
2025-12-02,24.8,18.5,0.3,0,open_meteo
2025-12-03,25.0,19.1,1.7,1,open_meteo
2025-12-04,25.9,19.3,7.5,1,open_meteo
2025-12-05,24.9,19.3,1.3,1,open_meteo
2025-12-06,25.6,17.4,0.0,0,open_meteo
2025-12-07,26.5,17.0,0.0,0,open_meteo
2025-12-08,27.1,15.9,0.0,0,open_meteo
2025-12-09,27.2,15.2,0.0,0,open_meteo
2025-12-10,27.4,17.0,0.0,0,open_meteo
2025-12-11,26.6,14.8,0.0,0,open_meteo
2025-12-12,26.7,13.9,0.0,0,open_meteo
2025-12-13,27.3,14.1,0.0,0,open_meteo
2025-12-14,26.1,14.2,0.0,0,open_meteo
2025-12-15,26.4,14.2,0.0,0,open_meteo
2025-12-16,25.1,15.4,0.1,0,open_meteo
2025-12-17,26.9,17.8,0.0,0,open_meteo
2025-12-18,27.0,15.0,0.0,0,open_meteo
2025-12-19,26.5,14.8,0.0,0,open_meteo
2025-12-20,25.3,13.8,0.0,0,open_meteo
2025-12-21,25.7,14.3,0.0,0,open_meteo
2025-12-22,24.8,14.3,0.0,0,open_meteo
2025-12-23,25.7,15.0,0.0,0,open_meteo
2025-12-24,25.3,14.5,0.0,0,open_meteo
2025-12-25,26.8,14.4,0.0,0,open_meteo
2025-12-26,26.4,17.4,0.0,0,open_meteo
2025-12-27,26.0,16.2,0.0,0,open_meteo
2025-12-28,26.6,15.0,0.0,0,open_meteo
2025-12-29,27.2,15.0,0.0,0,open_meteo
2025-12-30,28.7,16.5,0.0,0,open_meteo
2025-12-31,28.2,17.0,0.5,1,open_meteo
